label,ZCR,SC,RMSE,Chroma,Spectogram
0,0.0,0.0,0.0,0.0,0.0
0,0.056640625,1909.5950137191548,0.068671204,1.0,1.2583481
0,0.0634765625,2895.2749340390387,0.09018312,1.0,0.5863466
0,0.0634765625,1638.1773536533208,0.07558925,0.394161,2.289205
0,0.041015625,1481.9534950601617,0.09181228,0.171806,0.25790018
0,0.06494140625,1910.2150302898167,0.07176567,1.0,0.3451062
0,0.03662109375,1463.492005329883,0.07727212,0.7014028,0.39054817
0,0.03369140625,1555.6333152956765,0.11308711,0.22846845,0.024646727
0,0.03125,1595.551160518808,0.07711192,0.27903503,0.27843228
0,0.0341796875,1623.170236641564,0.12749763,0.5430817,0.81173813
0,0.0419921875,1986.8617407961524,0.09416972,0.053873822,0.09686487
0,0.0576171875,2050.0753058600244,0.06837102,0.31923547,0.30038133
0,0.04638671875,1525.3297273845615,0.10162465,0.52009207,4.183878
0,0.02099609375,993.833690593996,0.10687532,1.0,1.3371474
0,0.04052734375,1739.5635941174053,0.0870558,0.25060058,0.25539175
0,0.05419921875,1898.8834548133357,0.1410099,0.2102204,2.3683746
0,0.05078125,1376.0292676995464,0.13402571,0.0766381,0.5372523
0,0.02978515625,1113.2133114122853,0.06431694,0.056937963,0.095001936
0,0.0595703125,2565.935163048886,0.0652037,0.30699563,0.59350187
0,0.0439453125,2011.3200543185494,0.060425624,1.0,0.5776763
0,0.0302734375,1775.3837500686168,0.12825736,0.07630175,0.06668662
0,0.046875,2134.7702471386797,0.10045061,0.5792277,3.0925517
0,0.033203125,1753.8112687602609,0.15098828,0.043107238,0.06436031
0,0.03125,1651.943424034412,0.09811189,0.32112882,1.1364228
0,0.04052734375,1981.0149661658006,0.040293295,1.0,1.0275366
0,0.04638671875,1532.8180490203179,0.07629405,0.038909037,0.15082519
0,0.109375,3533.8618263608796,0.14502028,0.28577664,6.332486
0,0.05029296875,3282.559351269701,0.21528336,0.37525433,10.214867
0,0.08984375,2701.6187992927426,0.1463494,0.018949078,0.016570706
0,0.0556640625,2448.106327513881,0.19729398,0.45489568,42.50371
0,0.05322265625,3035.249976375847,0.19085751,0.11563772,18.788841
0,0.03173828125,1641.968133832203,0.22265823,0.040700775,8.956874
0,0.03662109375,2120.251885251708,0.1444951,0.12849885,8.366207
0,0.048828125,2352.8209656273025,0.16713883,0.3476922,12.540247
0,0.04052734375,2756.251795550327,0.16034359,0.6218545,2.3129408
0,0.0,0.0,0.0,0.0,0.0
0,0.12255859375,4492.229422664073,0.05365729,1.0,0.5618681
0,0.0654296875,1495.6375825555747,0.010730251,0.41676673,0.0008798058
0,0.0380859375,2354.3687381739555,0.06104934,0.10811352,0.16354164
0,0.03076171875,1512.7955786579093,0.088823445,1.0,5.903383
0,0.0126953125,1085.028643018407,0.180963,0.7910748,17.33028
0,0.0439453125,1688.9064769709335,0.10483622,0.9331889,0.60132957
0,0.0654296875,2083.6731536762463,0.10397429,0.13963656,0.10165798
0,0.10107421875,3478.2355771252887,0.04970148,0.18063462,0.14463675
0,0.02490234375,1430.604331761246,0.033270728,0.62963724,0.61670846
0,0.03125,1504.0577236580941,0.13559705,0.7565154,5.7457323
0,0.04248046875,1579.6654086855106,0.16834117,0.1508661,0.20920485
0,0.02587890625,1650.0977405554195,0.16315602,0.096521124,13.437802
0,0.064453125,2082.9155531763736,0.061971936,0.23160395,0.045352466
0,0.09521484375,4017.162564269809,0.16929439,0.15332381,4.2844553
0,0.0322265625,1468.7996090098106,0.043617375,0.9195863,0.31586
0,0.04931640625,2090.085705915769,0.096723974,0.33496356,1.0064528
0,0.0185546875,2248.4660850206124,0.22509153,0.3509486,25.510365
0,0.0439453125,1942.5437542542866,0.13782246,0.08945634,6.164894
0,0.03076171875,1623.1548165925738,0.11575154,0.7455697,6.729041
0,0.04443359375,2131.809738797271,0.15136316,0.16528863,72.57151
0,0.06298828125,1714.2738057003876,0.09124077,0.021679888,1.4896837
0,0.04931640625,1328.1769489978335,0.062905036,0.029508464,1.0068244
0,0.01416015625,2143.359392931896,0.16884868,0.21988302,40.094048
0,0.037109375,1923.9404849026575,0.12266578,0.045571845,9.939407
0,0.02880859375,1960.8113108326334,0.11465896,0.3702906,1.2468021
0,0.0205078125,1615.3905555721321,0.08736672,0.8054774,4.565151
0,0.025390625,1763.3981962935088,0.2146141,0.13459277,9.460772
0,0.02099609375,1222.459012250727,0.06484976,0.5568136,29.618063
0,0.01416015625,1887.1249988429859,0.1657775,0.188916,21.00148
0,0.04150390625,1940.8155464712931,0.11019813,0.17155501,8.7256365
0,0.03076171875,1562.7715205805118,0.0998046,0.09599902,6.7056603
0,0.01171875,1612.7425687482155,0.2211017,0.3130478,14.400538
0,0.02099609375,1018.7295605582485,0.22824857,0.85602266,0.8680599
0,0.0556640625,1750.116764306689,0.0961233,0.14647488,3.2885468
0,0.083984375,3194.0680137139916,0.06489797,0.06944737,15.121853
0,0.021484375,1464.8013487299702,0.12787877,0.09460723,2.3501205
0,0.0234375,1143.7403544116742,0.03136363,0.20132048,3.7309282
0,0.02880859375,1936.0271482438181,0.07835596,0.25490835,28.60485
0,0.02587890625,1489.560415497564,0.10138032,0.20611015,12.024473
0,0.0341796875,1993.1505791346508,0.07411775,0.14555939,0.8713673
0,0.03271484375,1375.2185132921604,0.069237374,0.040179048,14.873748
0,0.02392578125,1528.3772597160028,0.06258695,0.20195799,2.3611395
0,0.029296875,1816.8063826238817,0.075215586,0.3537667,0.09238342
0,0.041015625,1615.666482183387,0.094599344,0.55768067,1.0767993
0,0.0361328125,1668.6367027567526,0.18583931,1.0,0.11105746
0,0.04296875,1490.1041202429878,0.09164632,0.31950822,1.2422664
0,0.0400390625,1214.2991294046371,0.08685009,0.3766498,0.05536685
0,0.04296875,1776.7587354174238,0.05017967,1.0,0.017435046
0,0.02734375,1841.5473236960797,0.072828434,0.8710314,1.320875
0,0.04345703125,2014.7085674369523,0.12725748,0.52788275,2.8804967
0,0.06005859375,2234.50968782129,0.09374503,0.11808073,0.031859845
0,0.0341796875,1482.424299446065,0.092635244,0.063037336,1.6476849
0,0.05029296875,1273.2236048391694,0.066655554,0.3723839,0.52763873
0,0.03857421875,1589.987426700266,0.004725204,0.059486303,0.0047149025
0,0.0263671875,1274.6955883853316,0.072492786,0.47001818,4.6579185
0,0.015625,2103.6539674079454,0.21619631,0.31672794,16.702301
0,0.02978515625,1643.7594844714497,0.07708482,0.10755333,1.0542008
0,0.0166015625,1123.9450387334773,0.084983066,0.113964275,0.5555378
0,0.04150390625,1997.8658609574059,0.07424154,0.6258819,2.9820726
0,0.0263671875,1367.195678452223,0.12567627,0.53443485,2.2897117
0,0.009765625,830.6682170345122,0.18199088,0.90958166,23.231998
0,0.05908203125,3450.0186137747883,0.06182041,0.73278254,7.3872604
0,0.01708984375,1100.8762571255236,0.20563965,0.46483162,2.1605585
0,0.0537109375,1899.7641714027163,0.045594238,0.0394975,0.003425873
0,0.01416015625,1239.6255629754069,0.15218124,1.0,24.47894
0,0.0908203125,3154.619131729079,0.1162317,0.6180479,2.5270216
0,0.08154296875,3680.0657042134926,0.17159341,0.8617931,92.70766
0,0.02392578125,2420.0980627980634,0.10335545,0.2988944,0.96143603
0,0.07177734375,2808.3455186494693,0.0540114,0.5326212,5.7973146
0,0.02197265625,1453.4447767811484,0.046533745,0.18243195,0.0848367
0,0.0556640625,2321.233313376895,0.08507697,1.0,5.914044
0,0.060546875,1992.955018453765,0.07966152,0.8629085,1.8629675
0,0.0380859375,2336.0652268054755,0.047535673,0.0221569,0.022771759
0,0.0439453125,2462.3398398140353,0.08992603,0.65223414,0.5307253
0,0.1044921875,2690.2974451618784,0.051976863,0.15703921,0.29401565
0,0.11328125,2557.127615292833,0.03112027,0.32489946,0.006293649
0,0.03515625,2345.9360620273865,0.13088402,0.7286304,2.174286
0,0.0498046875,2174.130515127999,0.0634567,0.12598951,1.1323569
0,0.02880859375,1873.0415411426209,0.053238485,0.35348824,1.4857285
0,0.05419921875,2040.7138834874345,0.117839515,0.759254,3.588828
0,0.017578125,1589.255683834936,0.081248716,0.3827785,6.001371
0,0.0517578125,2133.9316187418103,0.05661474,0.7374447,0.104729
0,0.05419921875,2346.044958904336,0.062824026,0.10436576,1.7696354
0,0.0244140625,1422.272338432698,0.057072237,0.28459466,1.858913
0,0.083984375,2240.6516052856773,0.08276747,0.024754697,2.0192287
0,0.04345703125,1675.4561995304934,0.083330914,0.30841944,13.052851
0,0.10986328125,2834.6976922567674,0.04804347,0.053967185,0.0878373
0,0.0693359375,2398.405667405404,0.05296392,0.4792964,0.018982625
0,0.0478515625,2173.943069394832,0.076676175,0.083713375,0.62122107
0,0.0771484375,2585.3613090358967,0.04080161,0.33377835,0.47079706
0,0.029296875,2039.1873215055698,0.10893979,1.0,1.1514723
0,0.080078125,2063.9266705953305,0.059995566,0.043731615,0.17379586
0,0.06591796875,2374.8501497685843,0.060427554,0.1579326,0.02158842
0,0.04833984375,1633.5234967605143,0.043819953,0.13667428,0.3224918
0,0.03955078125,1762.9071956800965,0.055369,0.5580841,1.0550839
0,0.04638671875,1881.5295706437823,0.096189484,0.5707476,13.639696
0,0.0283203125,1564.7817422138114,0.042477727,0.96440727,0.34643343
0,0.02880859375,1994.3936632610557,0.08027355,0.2282426,1.4118663
0,0.0234375,1254.2015567346584,0.085250184,0.62291175,6.742251
0,0.0791015625,2286.140600540687,0.05041122,0.09372306,0.118589565
0,0.07275390625,3206.35265091431,0.057069097,1.0,0.13111103
0,0.15380859375,4220.891263896312,0.026847543,1.0,0.17123646
0,0.05419921875,1908.5496755205675,0.08519905,0.5692378,11.060031
0,0.10009765625,3446.403360882837,0.036695153,0.7233634,1.603387
0,0.068359375,2220.7262073991014,0.07286081,0.2358124,1.018205
0,0.0185546875,1427.4541652799753,0.057427753,0.1044418,0.1953299
0,0.04345703125,2185.8358134851273,0.07473625,0.92348236,1.6400052
0,0.0234375,1543.5097663101883,0.11136193,0.6681819,5.0094094
0,0.0908203125,2280.6637033796856,0.042630706,0.16842486,1.6583076
0,0.05029296875,2460.6030089816168,0.07806642,0.45672673,0.429758
0,0.05908203125,2083.713406215871,0.05153626,0.19240646,0.30839828
0,0.04931640625,2212.1999561366156,0.02510856,0.15909971,0.006373647
0,0.05615234375,2552.2668147284694,0.0876258,0.8581146,0.34857646
0,0.09716796875,3508.488194853947,0.04916988,0.04586358,1.5080694
0,0.0517578125,2442.8683150992474,0.10891435,1.0,0.44234118
0,0.02783203125,1758.5190244748314,0.09996203,0.2800691,2.6687586
0,0.0625,2209.383718085553,0.036823716,0.116070434,0.030041935
0,0.0,0.0,0.0,0.0,0.0
0,0.056640625,3082.627677149448,0.15955988,0.215745,39.56504
0,0.02490234375,2970.321360328756,0.18046187,1.0,66.8899
0,0.05908203125,2764.267426919289,0.21006925,0.19227429,0.29273298
0,0.087890625,3840.7546146842787,0.1746371,0.5178715,28.464306
0,0.11767578125,4450.072557935006,0.15152892,0.39521348,0.8964079
0,0.05078125,3436.064774918008,0.2538041,0.26237983,7.6541424
0,0.083984375,3361.478240079809,0.14725839,0.19126813,7.716769
0,0.1845703125,4807.6040477824345,0.12719044,0.41004115,0.26394364
0,0.048828125,2283.6101995262234,0.100519925,0.20505333,0.15662064
0,0.0537109375,3024.5947579581725,0.18837063,0.15453412,14.77597
0,0.11865234375,4203.490386112164,0.17204377,0.34173495,34.993355
0,0.130859375,4210.865446761872,0.14826472,0.2451297,20.541054
0,0.009765625,2945.1896797533504,0.15821601,0.8622102,43.231667
0,0.0224609375,2005.5467352533278,0.001903177,1.0,0.042619996
0,0.1416015625,4303.51388730847,0.17015597,0.1477621,1.5845023
0,0.02197265625,2568.6428865349194,0.26945496,0.28193614,3.2711678
0,0.03466796875,4839.637254545721,0.21023989,0.327401,17.585188
0,0.08935546875,3781.244756086037,0.15754128,0.20069084,19.387987
0,0.060546875,2571.363295395865,0.07396844,0.38099024,0.22091216
0,0.04638671875,1825.650518692362,0.19329636,0.2732973,69.1141
0,0.07275390625,3234.059972549695,0.16586503,0.4459043,121.43901
0,0.08935546875,3870.5547162387447,0.10963272,1.0,1.2548193
0,0.0634765625,3219.0819176251307,0.17695837,0.7859074,3.5012627
0,0.06982421875,2955.8553116900557,0.1576325,0.20997451,11.018234
0,0.06689453125,3085.2785902147466,0.17984162,0.5444808,30.35063
0,0.103515625,4346.587024989695,0.10193746,0.67923725,1.3687437
0,0.0478515625,2352.505938261306,0.15577401,0.20318262,1.3866934
0,0.09521484375,4333.025055059405,0.16291875,0.43610287,2.4524012
0,0.0625,3601.4144668665167,0.13941894,0.34750214,3.6766033
0,0.18603515625,4875.54824557268,0.08588518,0.9604302,6.5439515
0,0.021484375,1437.7388218975188,0.103382446,0.07623732,11.816983
0,0.08447265625,2088.684713011484,0.17167416,0.10116321,0.2883049
0,0.06640625,2166.686863906062,0.19605374,0.14363392,6.1289225
0,0.0439453125,2728.9559254599512,0.057699937,0.47140214,0.056696445
0,0.15576171875,4915.037127745482,0.03697907,0.07158973,0.0062724077
0,0.07666015625,1780.9101892379158,0.037052084,0.08687883,0.022100251
0,0.02392578125,1208.0808414020732,0.053597722,0.9724206,0.09119831
0,0.24072265625,5868.3296572952095,0.025537599,0.47051248,0.013742236
0,0.056640625,2988.6251578867814,0.13243134,0.58682287,0.26120344
0,0.0556640625,2231.7882874313514,0.17729744,0.13296111,1.0503796
0,0.05419921875,3050.446897381157,0.19509147,0.24451901,5.5931654
0,0.07861328125,3809.0794152180188,0.13178849,0.14837173,1.8736078
0,0.12158203125,4266.851171395069,0.09973038,0.71310526,0.5229467
0,0.0185546875,1885.4474111149952,0.21676248,0.41443628,46.09243
0,0.05810546875,3707.317564972558,0.20725606,0.6698863,90.10222
0,0.0234375,2511.9872215387663,0.16183774,0.7569688,14.496894
0,0.06884765625,3260.6921579603772,0.15987119,0.60744417,1.7629095
0,0.0810546875,2258.4002705409025,0.014115463,0.8319331,0.011563193
0,0.02197265625,1520.3506917744764,0.16693875,0.06258191,18.558115
0,0.0205078125,1546.7489747998297,0.18784833,0.3251543,0.94960576
0,0.0263671875,1938.0268234692571,0.1077112,0.35426354,33.860207
0,0.0078125,1402.173097796097,0.21153015,0.13154781,2.8456957
0,0.05419921875,2666.0593510656317,0.15034515,0.19373028,5.2098465
0,0.0322265625,1797.7373226301684,0.18003406,0.109509625,0.3755462
0,0.05419921875,2175.509763847347,0.08664616,0.20595963,0.3702951
0,0.0341796875,1816.0331188571733,0.10565933,0.057142477,0.35973015
0,0.046875,2706.6340521810744,0.093731925,0.05815992,0.07055247
0,0.0400390625,2550.5332938474266,0.14238857,0.0775842,0.07832401
0,0.04248046875,1910.5528684281298,0.08422842,0.27756965,1.8014866
0,0.0693359375,3175.877523160407,0.10873947,0.08859665,2.0899682
0,0.06982421875,2679.624008168045,0.07557499,0.08888816,5.561025
0,0.06689453125,2357.41417644201,0.09812978,0.13899004,12.260623
0,0.009765625,1439.2874654669452,0.37382796,0.33984107,160.77162
0,0.1689453125,4233.477022769928,0.050082862,0.5217324,0.5603047
0,0.00537109375,1300.692348973349,0.0068753585,0.20868032,0.004970848
0,0.013671875,1148.6802340491297,0.10306772,0.35086706,10.060548
0,0.01318359375,1295.0111485473485,0.102475576,0.7675689,1.898983
0,0.02978515625,2202.2243993597303,0.066609785,0.90052557,0.637938
0,0.06005859375,2079.0689923216923,0.052113406,0.59958184,0.03558914
0,0.01416015625,1290.4782106838138,0.07316111,1.0,3.1690078
0,0.03759765625,2815.199307939337,0.051595796,0.79198617,0.30262575
0,0.0283203125,2155.4483508096237,0.09281558,0.19173308,2.3621755
0,0.05126953125,2746.9205730771423,0.10743552,0.0813186,0.19877738
0,0.01513671875,1579.5033710422279,0.19227014,0.18918674,0.17053854
0,0.02978515625,2324.1800266971263,0.052511122,0.27349207,3.6738844
0,0.0263671875,2127.509416245746,0.0825144,0.058787044,0.66048014
0,0.02978515625,2305.961995706728,0.19704849,0.26693973,14.962494
0,0.03564453125,2008.5918570802678,0.27569035,0.26981026,13.164205
0,0.0380859375,1771.7082786154122,0.13449296,0.39947903,24.078114
0,0.01708984375,1705.461709237255,0.29833555,0.9267003,39.38979
0,0.06640625,2621.880978711951,0.116440274,0.039773162,5.629673
0,0.05322265625,2095.7618780601497,0.21089126,0.012239496,6.318812
0,0.03466796875,1708.3011369261583,0.2109691,0.07489039,18.858559
0,0.05615234375,1628.8607089090954,0.18452951,0.07330263,7.9872627
0,0.01806640625,1390.2710959169724,0.3188029,0.47921407,7.707348
0,0.06201171875,2066.926073877829,0.079084866,0.26991585,0.821066
0,0.04296875,1648.2710731317552,0.08294154,0.32318673,2.9186661
0,0.02783203125,2088.226550429259,0.25324264,0.4393169,15.651132
0,0.00830078125,1493.0277747375019,0.29313415,0.11185921,2.1684937
0,0.01025390625,1617.3561805016195,0.38397318,0.14102,2.6573658
0,0.05224609375,2334.078690026741,0.10240566,0.12050559,3.7897122
0,0.02294921875,1911.748587931857,0.19063263,0.03401926,3.1189804
0,0.0693359375,2565.3311238053866,0.09861197,0.2708057,2.1088574
0,0.04638671875,2072.0374933549415,0.1070953,0.14377499,0.63353324
0,0.05224609375,2911.441604940699,0.18023977,0.012661565,0.9536085
0,0.0673828125,2461.263600521169,0.13066378,0.08282645,4.6554713
0,0.01904296875,2103.3309670375484,0.21434532,0.32900316,2.566808
0,0.05126953125,2332.5536605737416,0.062361445,0.087318346,1.5635595
0,0.03857421875,1931.2324083395088,0.09295256,0.11525185,2.5087256
0,0.03125,1386.0263832940436,0.21623656,0.04731775,14.03103
0,0.02685546875,1330.5450615651039,0.0458252,0.7371052,0.1730794
0,0.04736328125,1666.302120919966,0.047364295,0.26328197,0.03815975
0,0.01220703125,1044.5474781781497,0.10534945,0.88518494,12.339797
0,0.0048828125,1582.2337494737194,0.137446,0.23839301,4.8622513
0,0.02685546875,2712.5396738889535,0.035974387,0.23706442,0.109286964
0,0.01611328125,1165.784522935575,0.121738486,1.0,4.0231853
0,0.03955078125,2253.7166729162745,0.017696643,0.36127788,0.008279275
0,0.013671875,1795.4084169992752,0.107162714,0.6783193,14.2766
0,0.025390625,1514.0417880766345,0.029539958,0.32530087,0.033085637
0,0.00732421875,1749.7143341420333,0.120582916,0.95838284,42.31888
0,0.01123046875,885.0252126129417,0.04666213,1.0,0.8318977
0,0.01318359375,1823.452070882207,0.14969829,0.31193668,6.664765
0,0.02294921875,1163.8962789907089,0.052419584,1.0,0.52932477
0,0.04541015625,2089.946257290889,0.050385542,0.55294514,0.10607227
0,0.00732421875,836.3764430496994,0.103805415,0.6848137,3.812771
0,0.02490234375,2483.959251220277,0.092146374,1.0,24.306726
0,0.02734375,1616.8292037032575,0.043918345,1.0,0.07418398
0,0.0390625,2181.2203056867284,0.04031339,0.4141814,0.04585166
0,0.04638671875,2004.2078708773643,0.009917876,0.10926986,0.056590606
0,0.03857421875,1647.8570303853808,0.0508581,0.35609883,2.6819198
0,0.01513671875,1160.448259930191,0.085697316,1.0,18.25298
0,0.00537109375,1103.0600401799038,0.24097887,1.0,8.102051
0,0.099609375,3618.2803287268043,0.025187718,0.9799276,0.043405868
0,0.0224609375,2049.7397262707696,0.07102345,0.21662708,3.5198205
0,0.03173828125,1801.388085866866,0.043294888,0.57604873,0.05714656
0,0.005859375,1192.6815251092758,0.15087883,0.6333617,0.6599463
0,0.03173828125,2236.005484313492,0.10402628,0.43164673,23.301977
0,0.02783203125,1534.8744362344182,0.058570992,0.7100508,0.03288149
0,0.01953125,907.7124771435377,0.0878168,1.0,4.1959076
0,0.00927734375,1179.652547367267,0.105724625,0.9403793,25.400589
0,0.0068359375,1271.4640189934285,0.09054213,0.18534864,0.09501945
0,0.05810546875,2230.0268212501524,0.018648418,0.2011828,0.0105478065
0,0.0068359375,1342.6440686535288,0.12557746,0.3118702,11.983044
0,0.01416015625,972.4647259506814,0.067505494,0.6685568,0.4315116
0,0.005859375,1148.5084381353868,0.087596804,0.26208454,7.2631507
0,0.02978515625,1313.2264524834973,0.039306145,1.0,0.0639909
0,0.08203125,2784.3674001978543,0.032705892,0.6497953,0.022545278
0,0.04248046875,2622.520688121971,0.06574195,0.18641613,0.02156793
0,0.0556640625,2745.6830748728767,0.022424499,0.09658446,0.068040624
0,0.02001953125,1800.6209451193845,0.044727206,1.0,0.33842558
0,0.01708984375,1264.5844452102474,0.07524581,1.0,3.5569897
0,0.0458984375,2380.797333383188,0.025746567,0.5230384,0.124243036
0,0.0068359375,1058.3198312688942,0.15348974,0.39629868,17.154732
0,0.02685546875,1908.0865646695888,0.052495804,1.0,0.41656712
0,0.02783203125,1743.740915924941,0.04773266,0.19453251,0.16905338
0,0.01318359375,942.6493449392049,0.09372701,0.73133045,3.904078
0,0.02392578125,2041.190916136818,0.029829517,0.041046772,0.048302066
0,0.02587890625,2035.267425990077,0.033525072,0.25537547,0.05158998
0,0.0146484375,1223.5273592761857,0.05599748,1.0,0.34801525
0,0.02783203125,1606.0416152434177,0.049294088,0.31139505,0.3620034
0,0.02978515625,2389.2022061430766,0.32153738,0.6589719,9.652319
0,0.03369140625,3032.902820188136,0.046472434,0.32952195,4.736729
0,0.0390625,2302.523440267343,0.0832547,0.27780268,0.20622386
0,0.03125,1575.123071615337,0.10592867,0.7922148,0.4061817
0,0.044921875,1253.9035891647054,0.17270729,1.0,0.16299766
0,0.0302734375,1838.7080771910769,0.10004418,0.24144238,4.6725793
0,0.03173828125,1968.1427791059102,0.11411798,0.62351143,1.8210603
0,0.03662109375,1610.6025240713511,0.16117522,0.30330208,1.4126981
0,0.04248046875,2753.665878832482,0.07462588,0.11326566,10.847044
0,0.04833984375,2662.4191149999087,0.09903382,0.59111977,0.37712306
0,0.02294921875,1704.8056761408097,0.056795362,0.50271326,0.68356025
0,0.0537109375,1760.892166714702,0.09518006,0.7034348,3.701327
0,0.0703125,2287.404993471694,0.09431871,0.80411035,0.29378155
0,0.0537109375,1843.4214578327817,0.15402298,0.17330065,3.6930125
0,0.05810546875,1707.5245849028079,0.12182737,0.24955474,2.224466
0,0.04443359375,1845.1814267284992,0.1710518,0.5025118,0.25757515
0,0.02490234375,1458.627545422622,0.0838817,0.6376656,10.177112
0,0.0205078125,1414.5434512742183,0.08664875,0.6477494,5.97807
0,0.06103515625,2094.982351522838,0.14019065,0.4610144,12.095492
0,0.025390625,1723.6717906467943,0.08782275,0.3324917,2.915649
0,0.02294921875,1504.1251256181536,0.13494037,0.5083804,11.023911
0,0.0439453125,1847.4830001630485,0.114969246,0.1502722,1.4305396
0,0.02001953125,1783.1849421822371,0.10357437,0.17236508,4.642555
0,0.03125,1564.3921373635435,0.10501328,0.20674422,1.617439
0,0.01806640625,2138.097133276642,0.048553128,0.70274585,7.274806
0,0.01171875,1262.4804653898746,0.049758155,0.18694043,0.05858055
0,0.03125,1523.6009623838527,0.073031284,0.31926686,0.7946353
0,0.0673828125,1839.27145160951,0.027869996,0.11591043,0.25707436
0,0.03369140625,1964.8700394108969,0.2041137,0.09199188,1.304317
0,0.05078125,2261.2576376890756,0.12481386,0.115762055,7.137649
0,0.0380859375,958.43815877891,0.086442776,0.04570017,1.3452411
0,0.01171875,1731.6297102534922,0.15387283,0.15382098,11.2827835
0,0.021484375,1323.882492230823,0.054175083,0.02072441,6.084101
0,0.0625,1883.0945304818345,0.050031256,0.14802974,18.489267
0,0.03564453125,2123.9574613189093,0.1031121,0.22572857,78.795784
0,0.03125,1833.3258868303565,0.10030325,0.37175843,0.7092194
0,0.005859375,801.4190445488268,0.1812528,0.51382464,222.08922
0,0.0517578125,2193.0351402049628,0.10642501,0.08803892,7.0653024
0,0.0166015625,1151.6281576653766,0.26456565,0.23989497,1.2883605
0,0.0263671875,1672.9966113638911,0.06963364,0.23224406,3.680211
0,0.02197265625,1025.0143009051696,0.05850719,0.23719834,1.1535509
0,0.00927734375,1504.3464495015915,0.04958458,0.3946416,1.735025
0,0.0361328125,1688.5642149373766,0.07992528,0.10436821,1.7350922
0,0.02294921875,1691.399295860363,0.10091225,0.056495897,1.5452372
0,0.01416015625,1263.678935892834,0.07052644,0.079915546,1.2631354
0,0.0380859375,2197.617279331919,0.07412918,0.085518315,4.1834254
0,0.01708984375,1302.4107297911728,0.036665004,0.47324416,1.0240692
0,0.04541015625,1968.309005220537,0.047104314,0.12728673,0.23003736
0,0.04638671875,1339.201404605193,0.06744416,0.63026994,11.034427
0,0.0390625,1796.2482185102504,0.06043996,0.3441004,0.22637108
0,0.029296875,2038.562247766053,0.100989275,0.20722665,3.0533826
0,0.02490234375,1325.1467300840936,0.10372851,0.4193146,2.227033
0,0.02001953125,1563.6890766277845,0.07760431,0.35753453,1.2999349
0,0.052734375,1841.9622364705554,0.23603037,0.49371716,0.118625164
0,0.08203125,3127.457431559113,0.07729997,0.5176153,5.2946005
0,0.0107421875,1136.0833361930347,0.07397846,0.8738925,10.216332
0,0.02880859375,1343.695017063022,0.1657968,0.5629542,11.177696
0,0.0322265625,1239.8215796551885,0.108696,0.28423437,6.2308784
0,0.04833984375,1616.1260066565264,0.009360954,0.4942619,0.047018826
0,0.09375,4181.8974452309585,0.09464594,0.30881375,4.580527
0,0.0576171875,2315.08093634497,0.116779186,0.14181857,1.339226
0,0.025390625,2031.7973270220414,0.26281068,0.15920863,5.498395
0,0.0380859375,1814.4955389073098,0.24963978,0.53193355,168.09428
0,0.02587890625,2092.2644986754317,0.3188601,1.0,6.5395355
0,0.05078125,2101.768984480074,0.13898098,0.14413957,2.6484935
0,0.029296875,1766.1580593320211,0.0956846,0.15535513,0.13732663
0,0.04296875,2002.4013866885323,0.14691152,0.059794977,0.23809458
0,0.095703125,3861.6777565610364,0.116171815,1.0,3.4420023
0,0.08154296875,3058.3553381073293,0.09220497,0.029390741,0.04028079
0,0.04443359375,2874.1253629993316,0.124801986,0.07524516,0.6765052
0,0.037109375,1901.599968401798,0.36400867,0.3906171,9.053194
0,0.06396484375,2329.7876234191926,0.10034694,0.06805319,0.22146337
0,0.0302734375,1774.2186076032935,0.12963164,0.3667801,3.6443686
0,0.03173828125,1324.4766396653567,0.16323492,0.40557462,34.392887
0,0.02392578125,1677.1186926397795,0.08828259,0.818886,5.7431865
0,0.02734375,1637.1832390396157,0.13227245,0.40669054,10.647464
0,0.03564453125,1313.583695776709,0.08482543,0.054862473,7.786719
0,0.02685546875,2304.5164452498357,0.31640157,0.82884467,21.342894
0,0.0322265625,1646.5509873763738,0.112497576,0.29681575,3.0128047
0,0.03076171875,1694.2366027376333,0.082310006,1.0,14.249941
0,0.0146484375,1068.4703498028666,0.089681916,0.51373494,14.833468
0,0.03662109375,2108.2513836415237,0.19741562,0.1426486,10.106033
0,0.03125,2525.07966268346,0.26411068,0.6369214,823.1098
0,0.04248046875,2088.468738125264,0.09851285,0.5302995,3.6014268
0,0.072265625,1764.9157562614616,0.07083527,0.9558228,0.77498907
0,0.01904296875,1526.1878538151611,0.22729005,0.49124247,0.72259617
0,0.05859375,1794.4992585439745,0.04377536,0.52839863,0.18057737
0,0.0546875,2123.020143771606,0.18368226,0.47131303,9.509031
0,0.0068359375,1128.6913300061285,0.26747143,0.1257822,45.737137
0,0.02783203125,1581.1564468883907,0.07539569,0.62853694,0.54734516
0,0.130859375,3199.2505246114533,0.06456132,0.30948725,0.55767334
0,0.00634765625,1261.5357454323598,0.1038359,0.43961245,5.8962145
0,0.021484375,1392.3465570234553,0.086980596,0.75646555,1.2362912
0,0.01611328125,1946.082492936134,0.24804348,0.39950395,0.6724262
0,0.0322265625,1829.3712894786993,0.09436388,0.18047193,1.2294599
0,0.01513671875,1483.3210395691444,0.05291192,0.22800015,0.60762405
0,0.048828125,2530.794260835006,0.16389875,1.0,0.058346417
0,0.04296875,2067.5512410891597,0.108996086,0.42150363,0.8758876
0,0.0224609375,2723.1521772874985,0.07280044,1.0,3.2442982
0,0.04052734375,2363.2979995065607,0.20298837,0.6777697,0.57331717
0,0.021484375,1313.346445757607,0.19991113,0.3210559,16.804983
0,0.078125,2478.3962972953377,0.095233865,0.2782435,4.286409
1,0.017578125,1462.4813292829856,0.177683,0.12549311,11.477686
1,0.0283203125,1471.6365020707126,0.23641506,0.31244704,18.613832
1,0.01318359375,1255.4345735250643,0.13943715,0.41148138,55.576813
1,0.03173828125,1908.6276574974383,0.19450451,0.07952457,8.321568
1,0.04443359375,1853.2561594532683,0.13275948,0.6390363,3.347004
1,0.00537109375,1029.4296417467535,0.13242279,0.78622776,91.583664
1,0.00732421875,1227.750036020435,0.22613485,0.47501162,106.0983
1,0.02587890625,1650.906684856621,0.197242,0.19183016,25.236513
1,0.03076171875,1865.1331305109347,0.2136898,0.17157428,61.496235
1,0.0068359375,1036.508913318236,0.06859783,0.97787845,9.162086
1,0.14013671875,5451.80603493801,0.12413254,0.50854886,55.23281
1,0.0048828125,868.6448209935401,0.205376,0.8837629,30.017538
1,0.015625,1363.2546266890652,0.20566769,0.15188484,30.677116
1,0.02099609375,1667.7460378747637,0.19149676,0.44614887,10.66745
1,0.0234375,2134.515381750875,0.16836855,0.026143493,0.75581723
1,0.02880859375,2014.091724713381,0.2522183,0.24020463,2.4465158
1,0.009765625,683.8919417357865,0.17443676,0.23321871,9.459603
1,0.00634765625,831.3670491846917,0.1683344,0.39826533,22.434566
1,0.0068359375,1853.0210634576792,0.19301969,0.23611788,10.577691
1,0.00732421875,1388.3494386280786,0.097010314,1.0,0.8812816
1,0.07861328125,3572.0202640421157,0.07383917,0.12783962,0.34670046
1,0.009765625,1445.430342210659,0.16674185,0.4845307,12.149073
1,0.064453125,2177.9524183950743,0.25797617,0.34644485,112.78395
1,0.0244140625,2323.2569844346817,0.1464911,0.6642616,87.3012
1,0.0302734375,1771.9115612540934,0.1633052,0.20345555,65.897484
1,0.02734375,1727.0589921131198,0.12206475,0.09445713,1.5416597
1,0.01416015625,1723.1106605882378,0.13536729,0.7898906,73.13433
1,0.02685546875,1680.9054507189412,0.13117886,0.3531792,84.41183
1,0.0244140625,1874.93728943183,0.15028746,0.24585995,60.038883
1,0.03955078125,1947.4512901038293,0.19551007,0.24514443,3.354426
1,0.02978515625,1486.1980183228136,0.18973096,0.23940608,2.2421567
1,0.0146484375,1328.0118032450475,0.1928747,0.36109954,37.315155
1,0.02783203125,1719.01287573348,0.22439866,0.355204,117.161125
1,0.01953125,2253.598747626806,0.18347651,0.056410417,3.9846733
1,0.052734375,2516.312296497389,0.21654586,0.32870942,52.244114
1,0.02734375,1570.8011087562827,0.24518855,0.43685862,4.7898817
1,0.04736328125,1920.9106487485674,0.25849792,0.19242859,35.044586
1,0.09130859375,3531.8138430285762,0.052468576,0.29830897,0.48987246
1,0.037109375,1865.3026125256906,0.19409,0.06375949,62.907528
1,0.0263671875,1692.2734175136115,0.18317452,0.6589467,1.252587
1,0.0283203125,1746.5467608742422,0.1978006,0.38307446,26.590528
1,0.0126953125,1729.4467575313556,0.1628966,0.40291163,25.1262
1,0.033203125,1994.3264772374291,0.19000837,0.37853065,0.20437986
1,0.0400390625,2291.943753183056,0.15075777,0.06999157,50.942097
1,0.01171875,1160.7008272366297,0.20139626,0.28051206,28.757347
1,0.02685546875,1762.1469186345596,0.11899203,0.29650724,99.04171
1,0.0400390625,1832.113807873017,0.18725783,0.17785908,1.2097118
1,0.0380859375,2304.8776840660234,0.14528115,0.45537493,51.16643
1,0.0224609375,1875.5220864702487,0.13020094,0.18324687,3.2512712
1,0.02880859375,1734.330840566819,0.06604474,0.66782564,1.7676843
1,0.0263671875,1486.5768885167981,0.097885095,0.4333518,29.446865
1,0.01416015625,1094.7390237984569,0.12831643,0.76829267,33.960373
1,0.00341796875,699.9315229506308,0.123576984,0.7596646,37.01915
1,0.005859375,1310.883299060197,0.21326706,0.28642327,18.149723
1,0.01904296875,1696.5617055143034,0.076418556,0.11397596,0.09415526
1,0.03564453125,1659.0619934595481,0.097898506,0.37097064,0.09472822
1,0.04541015625,2639.330338950164,0.13046744,0.1869375,42.205013
1,0.00537109375,1633.1242956165743,0.15441921,0.918822,40.869785
1,0.00732421875,1153.7349652136406,0.1743121,0.22381446,15.515165
1,0.0107421875,1258.1849425009225,0.124651074,0.49810818,19.278772
1,0.04443359375,3333.6541181908215,0.12131781,0.56506526,5.191251
1,0.01806640625,1176.2787697423314,0.07680952,0.4653308,0.50348836
1,0.00830078125,1446.8169250647625,0.22418657,0.25571737,11.579999
1,0.009765625,1174.6752221757954,0.118252076,0.6099241,23.255821
1,0.0068359375,1493.544853974614,0.1317072,0.96283305,23.201664
1,0.0048828125,998.6384146655718,0.15036494,0.11847187,3.6298428
1,0.00634765625,1149.9950095350364,0.1637151,0.9770113,129.61359
1,0.06494140625,2791.0663610059137,0.25043395,0.3699637,0.95379156
1,0.00341796875,1193.5268561459145,0.14209837,0.6085949,16.69487
1,0.00732421875,905.3686212298545,0.06948809,0.8968374,4.2029877
1,0.01171875,1176.7276006646796,0.16443945,0.077317,16.064777
1,0.01513671875,999.8415640043631,0.16639586,0.3568574,12.234394
1,0.01708984375,1434.9399151053854,0.16025062,0.13822092,17.16398
1,0.00732421875,873.9013187497703,0.1373986,0.87431926,125.6154
1,0.01220703125,1252.7033553766132,0.20803675,0.2628603,36.144142
1,0.0205078125,1742.3748388982508,0.2046311,0.11634613,4.279316
1,0.0380859375,1780.008636651888,0.13281685,0.36929974,0.1568044
1,0.0126953125,1323.7517847800468,0.12696151,0.541333,96.83946
1,0.03369140625,1938.3125296085504,0.14892298,0.3909332,0.86895144
1,0.00244140625,895.3182974380792,0.16394603,0.90382236,70.995674
1,0.01806640625,1193.4051537333767,0.112650685,0.24887903,6.5687647
1,0.01220703125,1072.798539146584,0.12571016,0.7106977,10.115031
1,0.01123046875,1234.984287704916,0.12619855,0.14208955,11.639501
1,0.0078125,1301.0606073002687,0.16239999,0.8770863,32.938736
1,0.00830078125,1606.1856942538784,0.36314374,0.6694665,135.03638
1,0.0078125,1630.2389896052268,0.1316947,0.5283582,118.88995
1,0.009765625,1360.5799364206523,0.17900896,1.0,33.270935
1,0.0224609375,1366.3228825262686,0.09332041,0.6853471,0.03682904
1,0.03173828125,1521.7749178997237,0.122623086,0.828841,0.57643247
1,0.02197265625,1751.2145860077724,0.116690956,0.27193958,2.2582662
1,0.029296875,2073.7067457657877,0.10997523,0.38171062,17.468359
1,0.01708984375,1826.7769314489813,0.14772737,0.3846256,5.7411475
1,0.01318359375,1403.4745589160343,0.18481578,0.5491071,16.214336
1,0.01611328125,1035.660864102494,0.103405744,0.69701964,1.0656098
1,0.05322265625,2138.7004897686093,0.13719209,0.21955943,18.674
1,0.01171875,1654.7600390469383,0.097752735,0.5312467,4.988419
1,0.02783203125,2502.9940308142586,0.16927236,0.41254023,17.50301
1,0.0498046875,2634.6516641951193,0.15852465,0.26023614,40.209366
1,0.0703125,3011.4520683868836,0.050211802,0.31059355,0.026691787
1,0.03564453125,1753.326633159636,0.19448084,0.21362491,38.506004
1,0.046875,2324.4668097565536,0.14821257,0.54471976,1.8007454
1,0.0244140625,2392.2767817028425,0.12820216,0.44236895,2.820167
1,0.0185546875,1867.1678554541545,0.14754789,0.30890858,81.921196
1,0.00439453125,1057.9016233509565,0.124169946,0.7317905,89.68749
1,0.01611328125,2106.172560896882,0.13533577,0.52832365,5.6231
1,0.0126953125,1441.9283236113617,0.2166041,0.19417343,90.00725
1,0.01904296875,1221.766018520468,0.07170702,0.1451527,0.60654974
1,0.0517578125,2668.1314472344948,0.087112255,0.05197224,0.0040834597
1,0.02001953125,2501.100632791369,0.16684395,0.41165373,26.77742
1,0.01513671875,1788.5379185892687,0.21860129,0.66340625,0.031660046
1,0.0341796875,1794.0609191091776,0.12060776,0.086158626,43.905617
1,0.02490234375,1647.0376186328497,0.1716568,0.06057248,59.95404
1,0.0361328125,1622.2063352174239,0.19795106,0.02547787,55.987373
1,0.0341796875,1871.0545325532453,0.20462778,0.2912708,27.01713
1,0.037109375,1655.9181478557289,0.25891593,0.3236921,49.772312
1,0.013671875,1147.4445609953555,0.14869544,0.9189424,97.99984
1,0.01708984375,1251.7640724565592,0.1579209,0.18315578,4.419394
1,0.03466796875,1712.075678327066,0.19110681,0.2647123,30.450207
1,0.02001953125,1538.5852022159793,0.08046719,0.033854496,0.22611357
1,0.03857421875,1722.4121356062915,0.046705462,0.40257347,3.8426847
1,0.00439453125,1475.0940271314566,0.15064156,0.58018166,47.82193
1,0.0390625,2126.574697204441,0.11660117,0.16424242,0.020434488
1,0.0791015625,2980.775357824057,0.08328546,0.36446628,0.25584298
1,0.00439453125,1184.0832851277505,0.12687458,0.42324182,2.8048735
1,0.01611328125,1828.8225712724684,0.171363,0.5666129,82.587
1,0.01513671875,1395.1433860536013,0.12834314,1.0,48.093143
1,0.02978515625,1722.803012468545,0.17870714,0.2013329,49.156605
1,0.013671875,1580.7963640179103,0.13716844,0.79513025,5.6565228
1,0.00732421875,1294.634468593952,0.15522413,0.5226881,53.451984
1,0.02197265625,1134.7595089991328,0.15175633,0.37651175,13.36649
1,0.015625,1625.6256426684156,0.1696549,0.51895285,8.148477
1,0.033203125,1516.8932736041381,0.1324859,0.06368461,0.061262347
1,0.0546875,2356.3719245114557,0.14879617,1.0,0.039353997
1,0.05224609375,2057.9870154926675,0.17737138,0.08072432,0.046576202
1,0.04833984375,1784.860584455958,0.0395533,0.29272428,7.521904
1,0.03076171875,1749.0209923575667,0.14375031,0.111121885,3.609503
1,0.03466796875,1504.0804582810338,0.20633054,0.042769227,12.502243
1,0.03955078125,2008.6113694788876,0.17051683,0.105276585,40.298008
1,0.01953125,1562.80429072834,0.17502482,0.43900904,81.04866
1,0.01318359375,1647.9799099701004,0.13741279,0.42671198,4.5123568
1,0.021484375,1511.4365286049906,0.17193067,0.38027367,78.09007
1,0.01318359375,1443.1390238019062,0.18891364,0.42660335,5.478119
1,0.01416015625,1504.5697529249273,0.17550543,0.48323023,29.846296
1,0.02490234375,1277.5596403826175,0.056587182,0.027130632,0.018109063
1,0.0810546875,2995.834992414758,0.046748422,0.399258,0.18095033
1,0.044921875,2106.5005410725626,0.12479285,0.71860135,0.22405101
1,0.0224609375,1213.1845878344868,0.16234702,0.07901173,62.07345
1,0.01904296875,1106.4113970299627,0.18722244,0.108132705,4.7560635
1,0.03271484375,1230.2312433848062,0.025704086,0.37365624,0.031058263
1,0.02490234375,1154.5814707101563,0.0106126275,0.073271595,0.00087606226
1,0.0224609375,1002.7814361016103,0.016108278,0.41128734,0.0278756
1,0.00732421875,632.5172354816302,0.09332161,0.34357572,6.973924
1,0.0283203125,2323.346357129484,0.14856479,1.0,9.561222
1,0.0087890625,1083.3333416785304,0.2081319,0.87517875,109.662346
1,0.01171875,1007.73733920084,0.13088301,0.25187197,2.6582947
1,0.01904296875,1602.511971600998,0.22153085,0.15655003,70.04881
1,0.0322265625,2033.889611105757,0.17362063,0.089901894,171.78922
1,0.0146484375,1505.1556527952962,0.2668823,0.5037834,118.379906
1,0.0283203125,1708.8093483956814,0.22295764,1.0,90.771164
1,0.03759765625,1661.4294347576129,0.14557283,0.26175252,1.2085433
1,0.03369140625,1836.8103345582454,0.2174619,0.20752075,73.19383
1,0.03369140625,1529.6844442943354,0.2430011,0.06873859,145.79662
1,0.0107421875,1325.6435141049922,0.2745143,0.20375331,54.67668
1,0.0390625,1940.5808309383347,0.23519427,0.57599926,55.194794
1,0.04931640625,2942.7784333360796,0.15622085,0.022941248,0.071287826
1,0.00439453125,963.0831004906232,0.19544835,0.96527493,88.4318
1,0.04931640625,1893.771501468026,0.23941478,0.6297632,150.20633
1,0.04638671875,2441.344977995539,0.21188878,0.26064476,8.667105
1,0.0146484375,1941.314516505232,0.1563214,0.51687783,15.872932
1,0.07275390625,3503.5617007950573,0.017705021,0.47228387,0.0026041311
1,0.0126953125,1401.9481634618412,0.18144098,0.4667942,16.19785
1,0.0166015625,1085.1261598524197,0.14486685,0.45199755,2.054175
1,0.01318359375,1903.5155857060586,0.13021776,0.11066428,0.03211589
1,0.07861328125,2940.8794069134847,0.110689096,0.27598053,0.036656532
1,0.02685546875,2117.5697779878665,0.13308994,0.72794336,64.42785
1,0.015625,1621.0206092678957,0.14445555,0.6478018,5.925215
1,0.01953125,1756.824683922377,0.14380954,0.5554155,84.12192
1,0.0078125,1217.1573213629367,0.17891161,0.33773577,16.078192
1,0.00830078125,1201.8150082525108,0.15617216,0.22626635,93.64143
1,0.02001953125,2138.14016366664,0.12858379,0.62103033,0.102108784
1,0.037109375,2513.6122267004903,0.12039912,0.082872204,0.018067267
1,0.03759765625,2458.904899293715,0.1268026,0.065855555,0.011657281
1,0.00830078125,1353.4598369258242,0.10871773,0.9231428,37.80767
1,0.01904296875,1721.1526524277933,0.1779848,0.4830548,42.388992
1,0.03125,1611.3645413126467,0.15671723,0.25986645,11.7887945
1,0.0341796875,1941.4684413014952,0.16079615,0.033219844,3.5849624
1,0.02978515625,1829.6875451411292,0.20530389,0.042873368,9.062051
1,0.02978515625,1981.8742020012173,0.17420514,0.09254557,45.320698
1,0.0224609375,1446.6164240220016,0.2303933,0.34786206,56.09357
1,0.02294921875,1482.4259913789601,0.18777184,0.2738082,79.287704
1,0.01025390625,1253.9085462528478,0.1629202,0.24482606,12.027882
1,0.02294921875,1423.2047066699897,0.092327565,0.22414276,1.206574
1,0.060546875,2791.194092048874,0.013980973,0.3160848,0.0026370618
1,0.03125,1757.9482608298601,0.01869162,0.2639615,0.00017355237
1,0.037109375,2378.5148864008843,0.12626758,0.0063746274,0.21099204
1,0.001953125,1464.6378683996395,0.11313919,0.8734109,60.516304
1,0.03369140625,1987.7905001200556,0.1677286,0.19006816,3.3223853
1,0.0146484375,1296.5797433091896,0.09071593,0.67008466,16.995136
1,0.02880859375,1879.8671800853638,0.10520193,0.08131879,10.963551
1,0.02880859375,1905.165809494444,0.10835699,0.488593,24.71732
1,0.037109375,1363.3780643173836,0.14901948,0.029599847,1.2481412
1,0.01171875,1822.3361527853997,0.16157992,0.18600684,8.134547
1,0.0478515625,2445.715341510163,0.08664943,0.050755233,0.5924851
1,0.015625,1424.6422968891484,0.085669704,0.21368016,0.9010437
1,0.0263671875,1578.8828265390862,0.12833211,0.20235841,1.4080371
1,0.01904296875,1139.4490748421827,0.1924835,0.35007733,12.946603
1,0.0234375,1691.0551737625983,0.14140062,0.11847506,26.300991
1,0.0068359375,1265.9203527980294,0.039304063,0.38427898,0.33942
1,0.05029296875,2200.656411622903,0.089930184,0.36799607,0.6076512
1,0.02685546875,1356.8979275009037,0.12900361,0.5490022,40.75225
1,0.0078125,1038.3962821275954,0.21483949,0.719925,121.095924
1,0.03369140625,2172.869480917493,0.13974148,0.05695085,50.58506
1,0.0390625,1720.4351163341594,0.07128327,0.34075743,0.2114385
1,0.03076171875,2227.1191750138787,0.12050403,0.06506993,1.8512666
1,0.01513671875,1227.6225872907974,0.17185801,0.10546441,21.858723
1,0.29052734375,6431.128366478108,0.06070399,0.3769036,0.035755932
1,0.04052734375,2200.568764028222,0.10037486,0.20642588,0.060504127
1,0.052734375,2035.8089749434978,0.13773377,0.27846143,9.414256
1,0.0224609375,1799.6954451010386,0.097295605,0.68092865,5.679253
1,0.01416015625,1280.6097616665595,0.15574287,0.35037634,6.6970773
1,0.0205078125,1183.2460241120798,0.17193504,0.5594396,4.7531147
1,0.02294921875,955.4376131620845,0.1869556,0.90191424,97.008095
1,0.01806640625,1126.215979957534,0.056533772,0.52401984,1.1289958
1,0.02880859375,1573.6093389210482,0.17098255,0.5846675,64.29954
1,0.0078125,1125.1118143307594,0.18412787,0.6386512,37.28132
1,0.009765625,1129.5355349003198,0.17476723,0.567859,65.61431
1,0.025390625,1812.8208486207964,0.21696383,0.8735601,90.72042
1,0.05078125,2940.933167493098,0.13187987,0.6414653,0.6300687
1,0.00634765625,1190.2834607880118,0.14584573,0.973135,63.437965
1,0.02294921875,1674.0897805119077,0.19783261,0.21076436,6.4025774
1,0.00537109375,1749.4960449682076,0.14042374,0.90148604,48.765965
1,0.01708984375,1619.0447224760308,0.23393023,0.081972525,39.47132
1,0.0498046875,2666.7463106843497,0.08315056,0.07882301,0.033081524
1,0.02001953125,1659.8508710567655,0.19497138,0.4194932,22.191097
1,0.00439453125,646.3978563776516,0.18042307,0.6853037,36.569847
1,0.01220703125,1939.4838375141564,0.16870154,0.6192267,54.679985
1,0.01708984375,1778.4300234145705,0.18341465,0.47732413,6.684201
1,0.02099609375,1813.8237642707816,0.17245542,0.013980205,0.4293182
1,0.0244140625,1556.6350110395915,0.21761106,0.055803552,67.97638
1,0.01611328125,1502.6403354923145,0.19443123,0.5533546,92.91459
1,0.03466796875,1860.9804041848265,0.12121475,0.14913803,6.2860475
1,0.01025390625,1745.0891940456822,0.12988104,0.6853457,85.990746
1,0.017578125,1536.298626296294,0.113436125,0.007910408,0.24658169
1,0.00341796875,954.5735293732282,0.09280994,0.6617426,36.7448
1,0.0185546875,1845.0789230231603,0.1937866,0.23912384,1.9438763
1,0.05126953125,1731.9213680337998,0.0602015,0.36864617,1.9145246
1,0.01123046875,1528.5344322478443,0.07864041,0.76749086,7.9629602
1,0.0224609375,1765.4548566199178,0.1424897,0.16090615,31.930605
1,0.00244140625,1162.308274435348,0.15774427,0.75691694,73.71947
1,0.01953125,1502.4080435859944,0.12554537,0.0926885,1.8465823
1,0.00341796875,810.75928878053,0.07318251,0.42815518,4.781479
1,0.03271484375,1724.9626714814108,0.11647625,0.5265647,28.707975
1,0.00244140625,1146.6695778804124,0.13010119,0.80776805,61.46339
1,0.009765625,635.719367513023,0.054887947,0.18094197,1.8446952
1,0.0166015625,982.6140711754751,0.08435296,0.13207534,2.6953933
1,0.00341796875,1222.3871898405378,0.100157365,0.8264298,18.121136
1,0.00244140625,1028.8003125984235,0.13093644,0.90454924,42.08435
1,0.0234375,1860.5360321011576,0.090244636,0.09411154,0.4179669
1,0.03857421875,2426.895009396835,0.1013071,0.014835342,0.005136877
1,0.041015625,1704.3411942933571,0.09740148,0.015939724,0.029201565
1,0.03564453125,1521.8631137646385,0.07302335,0.06187224,0.00033766447
1,0.04052734375,2029.2184351018193,0.09853399,0.14646588,0.040369328
1,0.0322265625,2290.862164753546,0.072672404,0.05869575,0.15462324
1,0.0244140625,1462.279195928114,0.017911453,0.07667793,0.00043507505
1,0.03271484375,1820.8954021475577,0.08319688,0.08280316,0.069867074
1,0.03955078125,1659.1186924840986,0.11593679,0.2365974,0.041847173
1,0.0,0.0,0.0,0.0,0.0
1,0.00927734375,1046.535372615795,0.18130332,0.69275343,90.784386
1,0.01806640625,1448.5716645414786,0.118070774,0.60599744,27.565598
1,0.00927734375,1644.0843701486288,0.19371232,0.67883146,82.04286
1,0.017578125,1403.1623789447217,0.12441012,0.6695319,2.1871116
1,0.0078125,693.0306540119755,0.15635794,0.22074667,4.399611
1,0.0302734375,2795.065721725909,0.09315075,0.5732557,17.898058
1,0.017578125,1680.688532182805,0.13574609,0.10230831,7.3752685
1,0.02490234375,2296.0524610416924,0.08519494,0.33378753,5.0295124
1,0.02734375,1926.5256897226188,0.109070644,0.22721764,0.5548565
1,0.005859375,1013.3295196713489,0.12573773,0.43843958,14.605432
1,0.01318359375,859.2430180311973,0.13287628,0.07855832,70.36581
1,0.03076171875,1467.9212334088043,0.058092676,0.829848,0.36083975
1,0.00927734375,968.2342529942275,0.078544535,0.32167035,7.9664993
1,0.01318359375,1276.5737940133422,0.15092044,0.07065175,3.7805705
1,0.01416015625,1338.7944244081366,0.11985356,0.4510831,64.83943
1,0.0712890625,2189.5750020583487,0.08069802,0.12352222,0.19434218
1,0.0205078125,1413.7456683301493,0.07492867,0.08909607,3.771457
1,0.0380859375,1751.0781479363302,0.15460925,0.416053,14.006906
1,0.03076171875,1458.9214049725174,0.15060472,0.21812305,38.980343
1,0.05517578125,2427.5159169795484,0.07851421,0.08043063,1.0441487
1,0.0078125,956.7331459441823,0.063223705,0.5623408,7.4865503
1,0.01220703125,1132.0886327150408,0.1064992,0.09317822,14.593712
1,0.0244140625,1454.3209362710877,0.10334598,0.57386166,1.1244642
1,0.0185546875,1746.6519914842675,0.107845485,0.12761033,68.631065
1,0.00830078125,1532.0281181811665,0.044280194,0.13778691,0.15704487
1,0.01123046875,1131.6653079402397,0.15393718,0.45655373,7.058517
1,0.03125,1299.0330014015994,0.0401614,0.50741816,0.53940237
1,0.0166015625,1892.3809631254653,0.1729871,0.6839491,105.0958
1,0.015625,1675.2691095417913,0.08104343,0.5833632,27.985826
1,0.01904296875,1818.0531764803263,0.14993788,0.8333703,87.21782
1,0.05908203125,2326.858334019878,0.06747043,0.3734109,0.011422098
1,0.01318359375,1212.1704365480887,0.15409231,0.32845676,8.440274
1,0.0546875,1993.653042689487,0.081128016,1.0,27.333967
1,0.1279296875,3102.7059572913654,0.048398852,0.20465998,0.011264899
1,0.04296875,1408.18949583652,0.14537916,0.3269556,4.103197
1,0.03857421875,2099.5079899081143,0.14848715,1.0,8.374713
1,0.0224609375,1393.2688724505342,0.07380887,1.0,0.061434764
1,0.01171875,1117.8408111006902,0.13932677,1.0,26.538519
1,0.02294921875,1798.8879288988644,0.16341968,0.5135036,52.010044
1,0.03759765625,2009.5914140597126,0.13937004,1.0,45.61543
1,0.044921875,2167.989442079397,0.13532437,0.07120598,0.008796138
1,0.02099609375,1719.2974420143883,0.14319025,0.23857604,11.491334
1,0.060546875,2212.1188425753453,0.15977204,0.027586734,0.38457364
1,0.0244140625,1559.233758976202,0.15799075,1.0,14.03552
1,0.01611328125,1814.3630228447696,0.15900865,0.3677199,29.377392
1,0.0380859375,2009.8736895414959,0.12773961,1.0,0.57333237
1,0.03564453125,1708.8332645061778,0.148104,0.41267145,22.28122
1,0.048828125,1915.1363648187248,0.11647388,0.63266194,37.42067
1,0.0634765625,2271.22476357956,0.08829981,0.66673875,0.24027225
1,0.01611328125,1216.5749956170048,0.14434232,0.10754458,41.225513
1,0.0361328125,1746.6537204203278,0.26049966,0.04347073,36.196533
1,0.02978515625,2234.023190267791,0.07230914,0.105856426,0.86647516
1,0.0234375,1769.1575527994796,0.17497106,0.25340423,8.858996
1,0.00537109375,896.8091436662484,0.14869387,0.42880517,20.855015
1,0.0517578125,1883.2058794422098,0.14772046,0.1700982,14.665352
1,0.0087890625,1204.8052797449081,0.19346032,0.8179318,56.043373
1,0.09326171875,2164.5836621490985,0.08453722,1.0,0.29399326
1,0.01171875,1420.1277805489854,0.13527481,1.0,26.38224
1,0.029296875,1549.483280807155,0.16703558,0.4730425,81.504456
1,0.0263671875,1953.4180803110985,0.16085862,0.06776821,0.021852136
1,0.0341796875,1571.3234285410758,0.2716896,0.04336729,54.51849
1,0.02490234375,1735.3799417841458,0.14231111,0.12429205,7.321115
1,0.0498046875,2010.8883187136626,0.15950815,0.04460242,0.6306938
1,0.0234375,1739.7077088198314,0.1381905,0.592127,28.426678
1,0.01806640625,1268.8116575977738,0.2094713,0.12980787,46.037624
1,0.0439453125,2056.786900571571,0.120172165,1.0,0.45447204
1,0.03125,1523.5800992733482,0.16141638,0.46705577,19.569075
1,0.04296875,2062.048923408319,0.11697936,0.83255,48.674637
1,0.0595703125,2165.6021458623018,0.09165369,0.9109702,0.40170553
1,0.01904296875,1264.6522604285956,0.14040112,0.112732045,32.900887
1,0.0234375,1713.3447236147542,0.1518468,0.15122591,12.897023
1,0.0478515625,2214.8842814837767,0.079344615,1.0,0.53669816
1,0.01416015625,1385.4176212518603,0.12296909,1.0,3.6445317
1,0.0361328125,2315.161897706622,0.15623748,0.18045498,92.14368
1,0.08642578125,2372.836462996806,0.07258632,1.0,0.029407693
1,0.02197265625,1786.1939118150638,0.14762504,0.24026401,8.82238
1,0.0439453125,2224.0102584690135,0.08226045,1.0,0.027074652
1,0.0361328125,2289.3516071387976,0.13125496,1.0,0.4800284
1,0.0400390625,2388.692671186847,0.15322304,0.20263726,90.44568
1,0.03369140625,2274.629873807219,0.21076411,0.42813706,108.764404
1,0.015625,1029.1882867684158,0.18595959,0.8200151,40.056614
1,0.01904296875,1657.1185690527395,0.19126013,0.3681895,130.03775
1,0.10009765625,2688.0813956201055,0.051310863,0.03729851,0.08059171
1,0.02001953125,1660.6462133579143,0.20933837,0.56409574,71.36591
1,0.0107421875,1243.2861951693026,0.21384254,0.58697146,82.49371
1,0.02490234375,1764.4265110453625,0.21662845,0.0649332,68.15933
1,0.013671875,1178.9982059563563,0.15989769,0.8365624,105.368965
1,0.0185546875,1325.0978177330433,0.22293566,0.07152102,89.323845
1,0.01953125,1280.80779433227,0.28198949,0.04373829,18.18081
1,0.00634765625,805.0700345338506,0.18326423,0.5830279,73.0536
1,0.03515625,2135.0905038684864,0.12267878,0.58185637,3.6156006
1,0.03515625,1499.2313673270392,0.04291157,0.45469955,0.94173145
1,0.0107421875,1450.1560579980696,0.1690961,0.7780104,67.82597
1,0.01513671875,1762.775995162741,0.1742082,0.35452953,5.306056
1,0.06787109375,3412.5183730140507,0.07552845,0.36246473,6.018319
1,0.03515625,1539.331207893259,0.23481236,0.037330415,113.83122
1,0.01806640625,1294.855545225804,0.12934224,0.12674926,1.9699485
1,0.02392578125,1895.9491463206273,0.17677629,0.1528013,18.711357
1,0.01806640625,1005.756671784395,0.12062127,1.0,4.5056715
1,0.02685546875,1620.0026491241429,0.20079403,0.042125065,161.44395
1,0.01171875,914.8867297802885,0.1878978,0.10342334,12.807563
1,0.02587890625,2329.1126645461422,0.16071162,0.5753594,24.951214
1,0.03466796875,1974.7238092848863,0.068147674,0.1369327,0.005075839
1,0.02685546875,1761.5031449176827,0.17773363,0.035543114,2.522167
1,0.046875,1786.1680872363418,0.04168144,0.06768754,0.3669527
1,0.02783203125,1927.8308161556276,0.166722,0.29434747,125.4445
1,0.083984375,2426.076320638721,0.07150877,1.0,0.052494414
1,0.03857421875,2299.93529708631,0.13076164,1.0,0.480213
1,0.03271484375,2232.2699224524567,0.06826298,0.0942438,0.9966752
1,0.03369140625,1777.770691320717,0.12666276,1.0,4.8331733
1,0.03076171875,1673.2048281036023,0.07135277,0.21476708,0.6811186
1,0.0263671875,2177.452974400989,0.06719488,0.41294137,0.26727587
1,0.03076171875,1390.9698425901151,0.16875754,0.026241627,5.839504
1,0.033203125,1879.5297301744956,0.083850354,0.050257113,0.19528125
1,0.0205078125,1623.6243260441797,0.12897281,0.12990732,19.141558
1,0.03564453125,1890.2877655464245,0.17706017,0.1522656,28.948034
1,0.103515625,4686.447862957307,0.117430314,0.54701734,12.117964
1,0.04248046875,1861.12986111827,0.14107306,0.16998592,5.012779
1,0.017578125,1273.5678158967437,0.07108903,0.44270957,51.91874
1,0.009765625,1511.2221775435526,0.1563832,0.9241707,15.19484
1,0.0751953125,2993.518605095859,0.07680416,0.06802289,0.017255323
1,0.02099609375,1721.1103364611906,0.12308987,0.3270174,57.58676
1,0.37109375,7622.161799791079,0.00934936,0.25116414,4.0016494e-06
1,0.00341796875,1167.4602116479334,0.13624069,0.62987906,5.864345
1,0.02001953125,1300.9611707827041,0.13762297,0.25176698,17.57366
1,0.02783203125,1843.6567281204416,0.16038366,0.29849377,4.508652
2,0.03662109375,2148.6320888837936,0.087344915,0.030135548,0.020024886
2,0.033203125,1879.0827451928058,0.102898374,0.23476684,1.7692133
2,0.0439453125,2479.883790483972,0.14286381,0.842692,11.5386505
2,0.0234375,1808.5829496089546,0.08992759,0.3488287,0.7321628
2,0.01611328125,2135.6103866101002,0.13503766,0.57579905,17.644823
2,0.029296875,2682.166986453281,0.1541781,0.18080665,1.1246771
2,0.025390625,1679.9252720675004,0.12267086,0.14979382,0.38051185
2,0.08154296875,2990.585849912132,0.05452675,0.18257597,0.9185571
2,0.0048828125,1324.2504959383796,0.23371148,0.2573374,12.485425
2,0.01953125,1233.0035013627871,0.099739805,0.16125964,0.31146753
2,0.04443359375,1909.654233686697,0.0865923,0.86734563,4.4559326
2,0.037109375,1785.0301446655717,0.09986895,0.2331879,0.42436746
2,0.0224609375,1755.8845315399817,0.07905304,0.66534436,5.6216598
2,0.0673828125,2824.286492152099,0.10447602,0.3879993,0.27390712
2,0.06005859375,2575.061467963387,0.07248216,1.0,1.1641372
2,0.05859375,2242.3352843325515,0.12695447,0.22206044,0.17262548
2,0.02587890625,1489.3597063289903,0.15145165,0.1680642,0.79756856
2,0.06005859375,2122.1053864832656,0.10027695,0.46574715,0.0025595627
2,0.037109375,1841.568260047342,0.12837778,0.05886639,5.530633
2,0.046875,2453.9328277004597,0.1125185,0.18818775,1.652833
2,0.01123046875,1579.3718174690657,0.09700573,0.26238933,2.2469587
2,0.18994140625,5271.7088093663615,0.03597323,0.27875924,0.050060526
2,0.0244140625,2613.0216407928124,0.07280493,0.29126152,8.505438
2,0.0498046875,2063.617720820339,0.12286216,0.43022528,1.036912
2,0.06787109375,2438.9636046854275,0.08881559,0.23670766,2.5088801
2,0.0361328125,1531.4145129662402,0.04767275,0.043572493,0.16287456
2,0.06494140625,3028.835184470517,0.1379079,0.07245266,0.45710942
2,0.00732421875,1825.228115687613,0.0023559115,0.8293811,0.024823701
2,0.0791015625,2786.211864380497,0.08671211,1.0,0.537753
2,0.1181640625,2710.654174888729,0.08894729,0.041359026,0.7041535
2,0.03271484375,1664.0383288503015,0.16187577,0.25560218,13.86059
2,0.099609375,3111.7654208152726,0.07382666,0.26326662,0.48964384
2,0.0849609375,2747.9433664819226,0.10674854,0.07112786,1.0866488
2,0.1064453125,3093.1804526224255,0.14597169,0.45487556,1.6084787
2,0.056640625,3136.0214199266265,0.15690912,0.054600928,0.6890326
2,0.083984375,2655.4991405701844,0.17786321,0.05354743,1.2471591
2,0.08642578125,2955.070894147613,0.05037652,0.22824855,0.49480623
2,0.06591796875,2498.4117498165424,0.09572083,0.5317275,0.50080067
2,0.04833984375,2467.3993250076423,0.12169922,0.051308855,0.5532197
2,0.06201171875,2348.544702878424,0.14135307,0.011103523,0.58299905
2,0.06201171875,2149.8844411156874,0.13498434,0.013939982,1.688935
2,0.0576171875,2253.6776523926173,0.11631539,0.04890211,0.5518693
2,0.052734375,2111.3472424381785,0.07202151,0.25162515,0.49790704
2,0.0537109375,2358.94204664464,0.113311045,0.17416534,0.7592663
2,0.06396484375,2536.077940658358,0.078610785,0.13532324,0.647736
2,0.037109375,1824.6757635140593,0.05550345,0.11231342,0.6076032
2,0.0322265625,2028.8612433197077,0.08732736,0.16134486,0.44799933
2,0.03515625,1986.8453600579048,0.08681467,0.05559407,0.3238102
2,0.09130859375,2344.6461742721817,0.10330392,0.029119298,0.5456604
2,0.1279296875,2416.5819514676596,0.09697889,0.08305532,0.43129578
2,0.0673828125,2220.9439515917347,0.09654273,0.037972238,0.71821225
2,0.0859375,2268.355028153395,0.07794139,0.066252016,0.514291
2,0.0654296875,2274.238842893191,0.10157473,0.06431584,1.714632
2,0.01611328125,1279.030482466997,0.099824086,0.8748555,0.38083285
2,0.0498046875,2192.244780790542,0.1283659,0.75978655,0.6837624
2,0.0146484375,1270.1892041711146,0.18613337,0.37717006,12.46346
2,0.0224609375,1602.1478555980507,0.17683885,0.32527766,13.724342
2,0.00830078125,832.0813907873405,0.16190284,1.0,89.74985
2,0.03076171875,1526.250776172771,0.072112165,0.051034037,0.5923813
2,0.0078125,986.226208428101,0.15096438,0.17161544,7.0913167
2,0.02490234375,1863.9891387263033,0.06272857,0.14660975,0.87039846
2,0.0244140625,1698.5958435890702,0.1225094,0.14729968,9.265444
2,0.04931640625,1808.5398944814178,0.18134558,0.02233448,0.31757855
2,0.00927734375,1015.3405096869544,0.11113862,0.7174708,13.293116
2,0.06103515625,2293.1270596862655,0.15152338,0.028917795,0.07642735
2,0.03173828125,1420.7871846083665,0.15172486,0.0225185,0.8193504
2,0.01513671875,1284.1368812679893,0.11373295,0.14118266,0.080238186
2,0.02978515625,1779.6424146903364,0.115839355,0.070844434,1.6507604
2,0.0283203125,1670.3265163506283,0.11158979,0.19731845,2.748516
2,0.0107421875,1527.9220330022185,0.20717181,1.0,18.349009
2,0.013671875,1236.931712438961,0.08610265,0.4474788,1.3579228
2,0.02490234375,1624.7048308690973,0.17273171,0.45845664,5.255987
2,0.01416015625,1399.1543582502327,0.11279885,0.063774355,0.5705181
2,0.02099609375,1522.1902169143873,0.13781402,0.5371284,7.4923716
2,0.013671875,1003.6492901180227,0.05732858,0.66045576,1.4043735
2,0.03564453125,1629.4606490631284,0.047155336,0.055498566,0.036608614
2,0.05810546875,2310.466125213713,0.058199957,0.0809101,0.48259425
2,0.0107421875,1060.4966360343035,0.07176032,0.104129545,1.4309385
2,0.0224609375,1161.206887486984,0.09564542,0.17731337,2.370976
2,0.0146484375,1349.9387196727967,0.091129944,0.24784383,0.9216797
2,0.033203125,1269.2217363579364,0.06602102,0.090595484,0.75482357
2,0.08056640625,2571.699704796357,0.10529626,0.15489814,3.7324128
2,0.0263671875,1360.3641937124908,0.10522626,1.0,4.3970428
2,0.037109375,1388.8873124043412,0.04821385,1.0,0.22878101
2,0.04345703125,2856.695295511179,0.11167382,0.64824045,0.03300834
2,0.0126953125,1305.095530486032,0.14730163,1.0,1.2322799
2,0.01318359375,2111.034383490944,0.0018640783,0.32206604,0.025609037
2,0.06103515625,2557.4462848550693,0.00047311198,0.6636932,0.000491479
2,0.00830078125,535.2996930655743,0.11415646,0.8946019,42.50424
2,0.03125,1208.3384537957743,0.14751247,0.032443378,5.004313
2,0.02099609375,781.0575225753356,0.09527289,0.13726805,5.53383
2,0.037109375,2366.5320370092236,0.16788076,0.08368701,0.1904834
2,0.033203125,1498.9126264132487,0.17031872,0.12927133,2.1665175
2,0.037109375,1740.252386107547,0.09612782,0.026375838,0.23000997
2,0.033203125,1782.4101905346947,0.13720146,0.45283705,1.7908075
2,0.02783203125,2172.066932021286,0.19138993,0.25172913,0.058748495
2,0.0322265625,1680.2604253350928,0.083356604,0.33912632,1.2184154
2,0.03076171875,1482.602976600876,0.0837479,0.6741288,1.1387359
2,0.0166015625,1863.3025348502867,0.2174602,0.20266321,10.878652
2,0.01025390625,1156.5446761489811,0.16264902,0.27592888,1.0731317
2,0.01806640625,1155.7222852238579,0.14203432,0.056827422,2.7460787
2,0.0107421875,699.4719701415178,0.16802879,0.48515043,22.671276
2,0.01513671875,1553.7612627703766,0.21510854,0.91184723,4.565293
2,0.01220703125,1080.1842525985246,0.1008629,0.24779937,1.0215229
2,0.03564453125,1945.2686255050417,0.14649911,0.0685407,2.300246
2,0.04052734375,1868.8981537424545,0.077149816,0.20106658,0.77423406
2,0.0126953125,866.1498886317023,0.10121278,0.23434053,5.836728
2,0.02734375,1609.250610243371,0.10778137,0.107060045,0.22825603
2,0.04150390625,1545.5056982855508,0.053581294,0.02560819,2.0963562
2,0.0234375,1591.1730576990844,0.0743118,1.0,0.23742022
2,0.02294921875,1159.3240971369619,0.13940895,0.21341127,41.928528
2,0.01904296875,1454.1666675815163,0.12958437,0.2444616,9.439402
2,0.0205078125,1573.3162109247069,0.1426704,0.6912854,14.02685
2,0.1220703125,3468.503645935506,0.08331027,0.45436156,2.1543133
2,0.0732421875,2723.2404435335534,0.08303785,0.10361544,0.04653636
2,0.0478515625,2468.8888018857006,0.07533979,0.1595293,1.4081087
2,0.0380859375,2417.4714665581323,0.055996574,0.36927095,0.7734992
2,0.03662109375,1886.2019840312232,0.050373618,0.071498655,0.3623292
2,0.01171875,1766.3973769523836,0.058209673,0.07611739,0.15046285
2,0.08203125,2446.7123037456204,0.051749423,0.07829037,0.0056247185
2,0.02880859375,1722.110861632615,0.10792544,0.7530967,1.1010512
2,0.1171875,3944.0101243755694,0.03148522,0.32864925,0.14099258
2,0.05419921875,2588.036108437747,0.11531256,0.2381058,0.009004142
2,0.1953125,5270.517587549846,0.070910044,0.34466073,0.09613884
2,0.04296875,1803.7351860716926,0.054592706,0.13296008,0.40462136
2,0.037109375,1768.674407276677,0.02780279,0.6919205,0.004987412
2,0.037109375,1665.2051351394102,0.06405855,0.0366119,1.417686
2,0.05322265625,2604.896358882111,0.05855347,0.24111487,1.0185843
2,0.05908203125,2595.0189644194807,0.10284961,0.31371424,2.7880955
2,0.060546875,3145.1939336595788,0.078100905,0.18161036,0.25450632
2,0.0244140625,2166.409065198106,0.04571739,0.064869456,0.014346248
2,0.0634765625,2100.4743878410864,0.032574516,0.8118381,0.15768792
2,0.07666015625,2117.8204199485435,0.008522401,0.4855021,0.04317281
2,0.05517578125,2205.539285951038,0.040974837,0.09845946,0.17016365
2,0.06787109375,2069.863666380542,0.049473554,0.09449434,0.39426553
2,0.0244140625,1425.6314522245161,0.03091531,0.9016875,0.017996678
2,0.0595703125,2337.4518407816786,0.025261931,0.3814979,0.5139903
2,0.03466796875,1487.4001290069032,0.026592823,0.28763115,0.3339765
2,0.02734375,1468.7348675912135,0.055390507,0.85203433,0.12094818
2,0.05517578125,2019.3237060747038,0.073198974,0.21757106,0.4500171
2,0.05615234375,2280.098242857225,0.03961357,0.10493839,0.0685432
2,0.0537109375,2587.4811633192658,0.09027189,0.35676825,0.13220446
2,0.09033203125,3216.0043017374865,0.04863983,0.86060417,0.008652354
2,0.07958984375,2296.856766435972,0.058226146,0.67329705,0.31820887
2,0.03564453125,1656.7264062948025,0.06902676,0.04825734,0.74071634
2,0.064453125,3030.9289433591357,0.07452226,0.117377505,0.31842512
2,0.0498046875,3240.5687749002473,0.08328903,0.076006606,0.046745583
2,0.05419921875,2293.9121067928145,0.09610273,0.15573129,0.19099282
2,0.01416015625,1974.5447777721747,0.076658666,0.038328834,0.5469255
2,0.07177734375,2256.0257413721456,0.036713745,0.06799008,0.30770016
2,0.03955078125,2673.2490034964967,0.07558577,1.0,0.5211129
2,0.02734375,2342.2514955246315,0.05556826,0.16240917,0.1177942
2,0.04541015625,2336.6313007746003,0.06434179,0.060784977,0.06375764
2,0.0517578125,2600.0783569002742,0.07023239,0.12222206,0.25203156
2,0.04150390625,2307.564126721478,0.076321855,0.3346798,0.22129904
2,0.0439453125,2111.9236330041995,0.064074926,0.4505141,0.2263275
2,0.05322265625,2179.967291562012,0.04238158,0.15554154,0.2484667
2,0.0556640625,2766.6228520433997,0.08345231,0.24661568,1.74806
2,0.2275390625,5326.391735853402,0.043497916,0.20054433,0.030872472
2,0.0732421875,2385.394105407762,0.088352524,0.21069485,0.79897785
2,0.07275390625,2917.415151055271,0.0525733,0.49715868,0.012400436
2,0.0361328125,1728.0225663862495,0.036282152,0.24284291,0.16313407
2,0.07666015625,2855.2150893924563,0.056400806,0.21714073,0.13118015
2,0.01513671875,1473.9235885108228,0.0004666185,0.281105,0.00018495189
2,0.05126953125,2278.922736563904,0.07045293,0.63043463,1.953796
2,0.05810546875,2910.7539574183274,0.09524281,0.57549846,2.5654526
2,0.0517578125,2552.306599013162,0.12781648,0.037083633,0.11484946
2,0.11328125,3066.812560316498,0.036276903,0.31678942,0.3751499
2,0.04638671875,1762.1871234134794,0.061298613,0.14696059,0.08308805
2,0.0302734375,1963.3938735543677,0.054839164,0.44486272,0.08064348
2,0.02978515625,1889.4990173599463,0.07125011,0.057618428,0.47450325
2,0.03955078125,1923.6018117957549,0.015000303,0.16120602,0.46295312
2,0.05810546875,2009.092760565165,0.03476906,0.46835372,0.67889893
2,0.04150390625,2070.0668352688162,0.03030549,0.12584937,0.03942922
2,0.0390625,1906.6648833999523,0.039487258,0.09126483,0.48313347
2,0.0205078125,1618.281149530244,0.048896123,0.4668263,0.86185104
2,0.04443359375,2208.0778716662035,0.027340686,1.0,0.06243782
2,0.052734375,2797.7825797488786,0.04269608,0.100424945,0.043544676
2,0.02294921875,1722.6678908773706,0.004337298,0.4533752,0.06414648
2,0.060546875,2322.1509377868506,0.026482359,0.1516488,0.004647508
2,0.03271484375,1559.3616043093382,0.021708578,0.22549883,0.306624
2,0.060546875,2714.7184732461897,0.056957062,0.2964565,1.505297
2,0.0654296875,3798.459542596065,0.09779123,1.0,1.1463284
2,0.052734375,2453.006799476029,0.057333604,0.1007527,0.41900623
2,0.13037109375,2905.9540173361447,0.0873276,0.6405849,1.0502023
2,0.0830078125,2702.4743754770407,0.090321474,0.08346538,0.55353665
2,0.07373046875,2942.54002367408,0.046824817,0.1905975,1.2458845
2,0.07470703125,2567.647434000532,0.08932377,0.075184114,1.2838842
2,0.06494140625,2731.9944613709495,0.1281905,0.3094432,0.47133765
2,0.06201171875,2849.0663306417873,0.11765981,0.089277305,0.6929654
2,0.09228515625,3817.2041463442174,0.0865913,0.23875615,0.20436262
2,0.078125,2659.060078962114,0.06306656,0.35411313,0.38879082
2,0.07568359375,3844.4460284484626,0.20332204,0.2281643,1.020777
2,0.0556640625,2686.525427520534,0.06795387,0.21112807,1.03689
2,0.03759765625,2459.318352560122,0.19368915,0.25327504,0.2241246
2,0.07763671875,2422.037237627208,0.09752609,0.5154462,0.83019227
2,0.03759765625,1689.7607092892636,0.060028553,1.0,0.6704692
2,0.07470703125,2538.1619327395983,0.078439854,1.0,1.4796312
2,0.068359375,2328.7053756306386,0.099119686,0.5250301,2.220669
2,0.0537109375,2739.2886118810966,0.09875226,0.62797385,0.24056008
2,0.06689453125,2634.152986834328,0.05301008,0.39481705,0.106629804
2,0.0537109375,2142.6561138253983,0.038985647,0.19591628,0.2897937
2,0.03515625,2188.8406378582,0.07530131,0.32486188,0.3318428
2,0.02392578125,1264.1179070911953,0.021773474,0.26112348,0.46625566
2,0.07275390625,2005.7542768229844,0.024465227,0.30066675,0.23470943
2,0.06640625,2189.032361456483,0.01712594,1.0,0.23308794
2,0.0498046875,2070.5055002092968,0.01765612,1.0,0.31734043
2,0.06591796875,2385.697607772973,0.06444475,0.09154228,0.08396243
2,0.02197265625,1731.6417501412036,0.075905085,0.90353626,0.43032464
2,0.06982421875,2582.1055966169542,0.046685435,0.066941485,0.018160814
2,0.06787109375,2351.407819412025,0.060602587,0.16259074,0.044373333
2,0.04443359375,1887.7333865175076,0.0589353,0.046561193,0.33668947
2,0.12158203125,3031.574999496234,0.036482196,0.436586,0.003219642
2,0.08837890625,2551.051974549989,0.033347156,0.26990816,0.30121332
2,0.0205078125,1237.7227909914825,0.013945926,0.20232059,0.18706387
2,0.05322265625,2323.909489153685,0.07658602,0.5045015,0.47268555
2,0.046875,1672.1930944648989,0.035040505,1.0,0.01288651
2,0.02392578125,2063.485744141892,0.04531329,0.3073644,0.04174972
2,0.064453125,2368.8763645081817,0.018026492,0.22151022,0.029179784
2,0.072265625,2281.1982017713817,0.0379362,0.20421915,0.86176056
2,0.01953125,1307.3528921154052,0.02262487,0.17973922,0.20902431
2,0.02734375,1679.432111000864,0.05263761,0.68640363,1.6262054
2,0.08203125,2387.9080161476554,0.08976662,1.0,9.084362
2,0.0400390625,2352.9089278575975,0.031698268,0.047754947,0.049553964
2,0.046875,2342.5514581875514,0.009280695,0.45300388,0.14345239
2,0.06591796875,2506.515406937565,0.0128846355,0.24599957,0.0024671222
2,0.02734375,1779.2172421213143,0.028017076,0.25857106,0.03267733
2,0.09228515625,3133.6219156113902,0.046268765,0.45426863,0.0077382713
2,0.015625,1828.8683115799158,0.06381088,0.6943975,0.34098768
2,0.0498046875,2116.514645197869,0.052394416,0.5531211,0.012772802
2,0.02099609375,1983.1992429650622,0.0011828828,0.38016817,0.004735866
2,0.02685546875,924.8735862925182,0.022725625,0.022245433,0.004036834
2,0.04248046875,1637.4857888033328,0.18707334,0.92685246,3.2143102
2,0.02685546875,1779.658860204891,0.075865485,0.03490004,1.3267515
2,0.095703125,3335.415103387477,0.069242306,0.22624701,0.33723646
2,0.07421875,3084.3946934740834,0.107840315,1.0,0.9751579
2,0.10107421875,3036.158803356894,0.15121703,0.05360203,0.10580281
2,0.07568359375,2917.314869991953,0.101336546,0.9489015,0.044197164
2,0.08984375,3176.1453796385567,0.10881027,0.18777242,0.009485359
2,0.07373046875,3379.516315794284,0.07874066,0.095802434,1.3996078
2,0.05615234375,2810.121195738423,0.046390474,0.06536463,0.010328122
2,0.06884765625,3453.9840094069295,0.06679245,0.10353769,0.2874814
2,0.0693359375,2269.0574028143633,0.054075327,0.40676516,1.1253549
2,0.0380859375,2108.036444710804,0.07507193,0.14516412,1.3816166
2,0.0634765625,2884.3921395850653,0.045972377,0.19529583,0.12679856
2,0.04052734375,2512.962903644266,0.11189702,0.050459776,3.479453
2,0.04296875,1915.8426873963956,0.06245261,0.01480813,0.1824466
2,0.05908203125,2122.162157211961,0.07922458,0.14727898,0.123520404
2,0.080078125,2376.579563015658,0.057267662,0.075687006,0.01984131
2,0.07373046875,4415.41582655869,0.06071912,0.071989305,0.08580044
2,0.068359375,2578.1678729483147,0.084901534,0.101719685,0.2389222
2,0.0595703125,2617.8322809455985,0.072913885,0.039053123,0.39041734
2,0.03662109375,2672.033333389396,0.1103614,0.3725514,0.024721848
2,0.0361328125,2070.92871880989,0.059355825,0.04957423,0.029446857
2,0.0498046875,2998.130782659873,0.063684665,0.07750375,0.14195181
2,0.029296875,1974.5346224238644,0.07056211,0.96600497,1.3254379
2,0.10400390625,3798.8498629068085,0.09661958,1.0,0.08991817
2,0.0791015625,2904.094055470321,0.13790059,0.118100576,0.5805264
2,0.07958984375,3122.101403520578,0.07065388,0.07679884,0.018422015
2,0.04296875,1934.7999556914328,0.07996513,0.037536535,0.033449788
2,0.04345703125,3150.684469281895,0.15605018,0.16484495,0.022036193
2,0.060546875,3238.3866092313942,0.07392422,0.9250514,0.605206
2,0.04150390625,1883.7978083156345,0.13539068,0.09050882,0.58842707
2,0.02734375,1689.2670242099082,0.08804984,0.23636281,0.9898198
2,0.01123046875,970.6845267362669,0.11216788,0.3189207,7.2334914
2,0.033203125,1833.858547124477,0.09943571,0.05050714,0.20321311
2,0.0185546875,1489.416312421859,0.10233082,0.2555166,0.84588027
2,0.02734375,1307.9257877484574,0.052368432,0.07261813,0.008757599
2,0.01806640625,1506.7887374304933,0.17386399,0.3364907,0.31633914
2,0.0263671875,1466.7268117882718,0.11136835,0.021487668,0.8578494
2,0.03564453125,1828.1923131375888,0.08872282,0.57620597,0.66482127
2,0.03564453125,2000.194985828511,0.13047594,0.39353958,0.23066686
2,0.0341796875,1568.0578308972972,0.16928247,0.4516022,39.056305
2,0.01708984375,1355.2376556860336,0.097317874,0.23122343,0.13654292
2,0.0048828125,864.2332716301219,0.14237846,0.45825687,7.056055
2,0.068359375,2576.3995094450597,0.06419276,0.43680456,0.24201338
2,0.0166015625,1858.7597567167938,0.11661006,0.024816614,0.015685033
2,0.01611328125,1266.61070117989,0.00056954625,0.31683603,0.00021220765
2,0.0341796875,1971.1800212794012,0.01507381,0.04721119,0.009241632
2,0.021484375,1730.7150195385248,0.07959192,0.17920595,0.28188506
2,0.04443359375,2078.8624031439094,0.025125219,0.049362835,0.067402415
2,0.06103515625,2563.307106493348,0.06515656,0.053687163,0.5216503
2,0.068359375,2838.2867948996827,0.030586632,0.23061194,0.015403683
2,0.0625,2774.347009441976,0.08534431,0.015732681,0.008236832
2,0.05419921875,2231.73278839011,0.03298837,1.0,0.03734366
2,0.046875,2793.056272589155,0.100092486,0.05912624,0.47433385
2,0.037109375,2454.597935745684,0.1060701,0.12892488,0.030330945
2,0.06396484375,2888.8123833215986,0.10336787,1.0,0.2297933
2,0.08447265625,3132.1635581948776,0.15632035,0.02158687,0.009226791
2,0.07763671875,3207.940935229493,0.06961546,0.040786143,0.030653028
2,0.0478515625,2134.585404686438,0.100349754,1.0,0.30721664
2,0.0947265625,3176.38233145284,0.09765575,0.23079567,2.2784293
2,0.0556640625,2775.7238112330842,0.072654106,0.038605336,0.48047096
2,0.1201171875,3514.636227194903,0.040210377,0.46479598,0.020594783
2,0.0419921875,2258.5982437519797,0.060321603,0.020132584,0.4199032
2,0.09814453125,3297.095611398392,0.10226052,0.5435017,0.23711577
2,0.056640625,3053.64763849139,0.10247789,0.39535978,0.41763547
2,0.36279296875,7388.204366858177,0.17600007,0.96458167,0.04103815
2,0.0712890625,2847.0528372785666,0.046318274,0.69724053,0.06582583
2,0.07763671875,2392.599881758083,0.18465461,0.05280661,0.049443208
2,0.05078125,1653.0804339527162,0.13510555,0.26276815,1.1440483
2,0.0869140625,3145.293119675536,0.07368458,0.1559752,0.038232137
2,0.07666015625,1785.073925877161,0.048705842,0.6929668,0.06833886
2,0.09521484375,3021.4356166582725,0.006785307,0.24384117,0.00032621008
2,0.06884765625,2782.6685628195264,0.11366565,0.19416054,0.07931405
2,0.04052734375,1984.182769576511,0.091305986,0.03731924,0.45598516
2,0.06689453125,2514.4198724457938,0.07951443,0.31496838,5.029949
2,0.0849609375,3220.4182048761486,0.08295725,0.33244476,0.15641467
2,0.0439453125,2072.671997387974,0.10136268,1.0,0.090373784
2,0.0849609375,3013.3714830233316,0.06880629,0.14200975,0.008651315
2,0.076171875,3488.6004585656747,0.11193076,0.17262584,0.40255177
2,0.052734375,2626.1109487672575,0.045087617,0.47359717,0.023729514
2,0.06396484375,2765.8837659171977,0.052816138,0.1704137,0.05931464
2,0.03564453125,2047.7104693832198,0.107711114,0.22043158,2.401933
2,0.0,0.0,0.0,0.0,0.0
2,0.06103515625,2375.519451091587,0.054500405,1.0,0.29694068
2,0.1259765625,3232.1519014634496,0.009971057,0.4543534,0.00038010904
2,0.04248046875,2365.2237024752176,0.058193464,0.21667844,0.7801007
2,0.08349609375,4127.580219136853,0.04979812,0.031338144,0.003909683
2,0.06982421875,2485.1493373507865,0.071277924,0.047389258,0.27451223
2,0.0615234375,3027.5453747414554,0.08499834,0.56442356,2.3934355
2,0.06689453125,2630.7659697367094,0.13662006,0.2725668,0.3842769
2,0.07373046875,3358.248995721565,0.06441854,0.85442215,0.28245136
2,0.15380859375,5248.402870681208,0.120914295,0.39518562,0.03379725
2,0.0712890625,3292.4200019100685,0.05342354,0.26028618,2.8944438
2,0.2080078125,4725.31929767266,0.08514843,0.18131238,0.07751443
2,0.03857421875,1946.705640009045,0.051082633,0.038151313,0.014757277
2,0.08056640625,3002.734786734163,0.0940709,0.03723162,0.08065441
2,0.08154296875,2901.2110418474417,0.046799928,0.11192632,0.017538907
2,0.0166015625,1356.8370364733958,0.060792785,0.19332986,1.660281
2,0.0322265625,1399.6587814245925,0.08543723,0.10684957,0.24298318
2,0.06591796875,1967.03491473054,0.056361873,0.027997255,0.0570033
2,0.046875,2084.7246154651966,0.078381926,0.47032857,0.19074133
2,0.04345703125,2670.2945369465956,0.09159493,0.09169583,0.017555445
2,0.0,0.0,0.0,0.0,0.0
2,0.05517578125,2198.7548490865574,0.028915018,0.16759849,0.001171377
2,0.07373046875,2603.069401394684,0.090634294,0.23103742,0.01926851
2,0.0703125,2861.5211417420087,0.16409577,0.124231294,0.23632003
2,0.08740234375,3085.193626285691,0.13944173,0.07382352,2.8604875
2,0.0693359375,3188.2435600727613,0.19982545,0.026701791,0.3307472
2,0.06884765625,3152.2461678869304,0.093642116,0.53027624,0.06636572
2,0.0673828125,3260.8067119816574,0.14285706,0.31491002,0.16693757
2,0.0869140625,3040.1193431404336,0.035933994,0.10230562,0.007383203
2,0.08837890625,2681.0360894313467,0.113547646,0.30235133,2.713084
2,0.07763671875,2722.1813984079445,0.042583954,0.25381652,0.1847863
2,0.04541015625,1845.8210887330995,0.084841825,0.017915439,0.06778132
2,0.0791015625,3064.492543935424,0.02912328,0.1311122,0.07783943
2,0.04541015625,1646.34819885625,0.17817964,0.03261596,1.0702727
2,0.03662109375,2018.8663831700892,0.15780538,0.046086118,0.12628907
2,0.04736328125,2254.915167540949,0.11442049,0.49841818,0.15765926
2,0.04736328125,1324.589155399567,0.07763278,0.14088854,0.8070896
2,0.04638671875,1682.42830778916,0.16132317,0.31093797,0.47394344
2,0.056640625,1934.6196428083333,0.12857322,0.12721947,0.07848276
2,0.029296875,1437.8592563652587,0.11142786,0.27519774,2.617917
2,0.04833984375,1537.2846465443006,0.041703694,0.064485066,0.2874753
2,0.0400390625,1186.5644895906896,0.05907281,0.98104614,1.0428395
2,0.04443359375,1710.140209874429,0.12724134,0.66716534,1.6164249
2,0.0400390625,1461.0919132970773,0.15954705,0.04504538,5.829105
2,0.029296875,1108.9881203756406,0.18543734,0.53920233,11.232392
2,0.0224609375,1210.8470570681122,0.20656207,0.32679638,1.2683306
2,0.02490234375,1743.2943480997562,0.09882562,0.7743307,0.17772947
2,0.0458984375,1537.6131278298467,0.10457855,0.05353102,0.013427695
2,0.01611328125,1770.4327883942124,0.056860957,0.050774533,0.086133175
2,0.0810546875,2288.408563809944,0.02134413,0.11917607,0.0057170093
2,0.033203125,1914.7372740016096,0.067722276,0.6567466,1.9922425
2,0.04296875,1512.3060214649315,0.17626986,0.05493758,0.31675255
2,0.05810546875,2067.051262395992,0.028094042,1.0,0.06106016
2,0.017578125,1205.5796149094901,0.103266135,1.0,1.5686055
2,0.04541015625,1437.3529581485143,0.09504706,0.017299704,0.01049777
2,0.03125,1868.6194653465097,0.16759077,0.12799834,0.0074328003
2,0.04638671875,1597.2819634458306,0.10442071,0.038013414,0.13291022
2,0.03076171875,1416.9794717272016,0.07828868,0.15726687,0.9212819
2,0.04150390625,1368.051787736904,0.1280417,0.017331833,0.9481106
2,0.03759765625,1590.7809782457743,0.10656378,0.06498229,1.488217
2,0.03662109375,1534.7600443156598,0.04195047,0.5896567,0.4673867
2,0.03125,1767.1103467639555,0.0908401,0.3321612,0.94041044
2,0.05078125,2198.727235715995,0.05657554,0.06769003,0.20361005
2,0.02001953125,1821.0453217451313,0.19271323,0.6361332,2.630759
2,0.0302734375,1662.2532901419993,0.12289031,0.27401027,0.19084883
2,0.0615234375,1794.6020472634252,0.0554742,0.27975845,2.1721199
2,0.0234375,1458.7978072440883,0.19269626,0.57669294,3.7393095
2,0.0283203125,1201.8033870253664,0.075178705,1.0,0.18688793
2,0.046875,1631.2168166007268,0.18054286,0.01835245,1.3524761
2,0.02783203125,1465.4340447078007,0.06934671,0.5303463,0.687259
2,0.01416015625,1244.5377307242625,0.068905674,0.765055,0.80805
2,0.01904296875,1282.685505272857,0.16712478,0.21721962,3.2333653
2,0.02294921875,1536.3996565686093,0.12731189,0.8617742,0.7475832
2,0.046875,1425.6605311343317,0.14423217,0.0753314,0.70139
2,0.04541015625,1491.388460058129,0.1077883,0.1915921,0.0042457324
2,0.0107421875,1298.2911088152314,0.09908036,0.0931631,0.085980415
2,0.0439453125,1469.991135205003,0.067361966,0.3244273,2.8247027
2,0.03173828125,1280.9241555366202,0.14168458,0.14414649,0.09277444
2,0.048828125,1604.1090500283608,0.02694443,0.7069151,0.042272717
2,0.0283203125,1206.4094278982907,0.0938084,1.0,0.04888612
2,0.041015625,1944.4887788730457,0.11903804,0.027699333,0.017143881
2,0.0390625,1555.3807836832843,0.08947304,0.06765071,0.022659693
2,0.03759765625,1641.5187815068437,0.023538647,0.7865424,0.012985204
2,0.041015625,1906.4905896641937,0.10514974,0.21240549,0.12208477
2,0.02197265625,1734.0537810409019,0.17112996,0.17208634,0.26218358
2,0.03466796875,1323.0864254738742,0.08468771,0.14870061,0.29325962
2,0.0322265625,1668.7513766136954,0.13763516,0.09556861,0.7346449
2,0.02587890625,1488.3131703773004,0.0768269,0.19045258,0.95640904
2,0.0390625,1744.2410512899005,0.20204158,0.02520905,0.3133615
2,0.01904296875,1352.8384848967246,0.10263104,0.06992108,0.19862555
2,0.03369140625,1894.7986766572512,0.087329865,0.22470161,0.60133743
2,0.00634765625,1184.6351483168746,0.0018926205,0.5501631,0.01640328
2,0.0478515625,2370.7245994704967,0.02979505,0.77171683,1.9806311
2,0.02587890625,2366.273374522646,0.04519797,0.5355421,3.3328202
2,0.10205078125,3419.5217512721756,0.047112912,0.94952655,3.4082506
2,0.03466796875,2446.065286540678,0.09453963,0.58096457,3.3493402
2,0.04296875,2439.5280758291533,0.030608801,0.28972238,3.4307837
2,0.076171875,3005.924429656922,0.06703488,0.1177515,2.381393
2,0.02294921875,1473.212588594151,0.053501382,0.09649676,2.597881
2,0.04931640625,2415.710948721514,0.045372203,1.0,3.0128267
2,0.0,0.0,0.0,0.0,0.0
2,0.02587890625,1693.8453918780792,0.18973918,0.19324487,2.3975036
2,0.04736328125,2258.2252773846803,0.14373857,0.2739125,0.28678006
2,0.02099609375,1258.3934567446822,0.09495024,0.15163513,0.4177931
2,0.05419921875,1998.0197738198185,0.09907822,0.3023038,0.19343549
2,0.060546875,2472.153758258879,0.05211666,0.3565321,0.013996098
2,0.0537109375,2409.0088979328157,0.12663491,0.04700769,0.040236536
2,0.0390625,1640.3737223730404,0.18038706,0.39422548,0.12927341
2,0.0498046875,1688.5670734262796,0.09439445,1.0,0.16753104
2,0.02978515625,1618.5792138420659,0.14556608,0.55126065,0.20759876
2,0.0458984375,1992.5073518986937,0.060078416,0.089481324,0.28046075
2,0.0068359375,842.9284321638911,0.102858104,0.23232853,3.3748896
2,0.00732421875,1015.2925753044663,0.20515081,0.4194266,3.8198142
2,0.04736328125,1932.615811971208,0.04702836,0.036394197,0.02026324
2,0.02734375,2117.1247584157127,0.15699695,0.33722457,5.5808854
2,0.04833984375,1993.6511254050934,0.11645918,0.1432592,0.5162584
2,0.048828125,2121.9242124278576,0.04109965,0.19313268,0.040321905
2,0.04345703125,1911.6829038232477,0.051519133,0.12962519,0.06427831
2,0.00830078125,936.4570794832939,0.14412197,0.63693964,4.187013
2,0.10546875,3403.332002023642,0.07673262,0.10313811,2.9101663
2,0.01318359375,1429.0776903889546,0.11881368,0.54407334,11.898698
2,0.0859375,3140.879582214039,0.061314967,0.09598936,4.462433
2,0.080078125,2758.9932978934276,0.036028966,0.26548448,2.7196739
2,0.01171875,2190.1563337713483,0.058369517,0.24464154,1.7441741
2,0.0244140625,2634.997552321801,0.017864777,0.23437518,2.1334
2,0.1025390625,3848.839059846266,0.042239647,0.49147668,2.391084
2,0.0576171875,2442.4456599978957,0.074163094,0.42468044,2.0466328
2,0.2021484375,5057.992851974894,0.034469444,0.38368133,1.7330985
2,0.06689453125,2281.800691834167,0.073237315,1.0,2.9005854
2,0.11474609375,3486.2673488234373,0.032340426,1.0,2.8383381
2,0.03173828125,1863.1396523526835,0.11232922,0.4121829,12.584933
2,0.1572265625,4131.165616238491,0.059000496,0.26198572,3.1341953
2,0.0810546875,2616.7433009393517,0.066833,1.0,3.1818814
2,0.029296875,2514.829116837099,0.06900335,0.4301981,4.8244143
2,0.060546875,2898.8588682258414,0.05353502,0.4332696,3.0834808
2,0.03857421875,1855.8699527993044,0.14320774,0.046950616,0.18454692
2,0.10595703125,3296.127271818943,0.05721917,0.4303236,1.8910229
2,0.005859375,2745.806877273827,0.0175923,0.75217634,2.182634
2,0.11572265625,3655.5515616650637,0.0563045,1.0,4.3044825
2,0.0888671875,2982.5708331494216,0.0694653,0.25615448,1.880144
2,0.0830078125,2228.155092732372,0.09674997,0.31894183,2.6203582
2,0.04296875,1938.7184587771385,0.042356305,0.34914732,2.561488
2,0.046875,2694.3320962897574,0.036184445,0.27848116,2.0900257
2,0.0673828125,2748.8472924458865,0.033981178,1.0,2.931737
2,0.05078125,2752.926449581897,0.074170925,0.33325624,2.6307733
2,0.12744140625,3886.9813217867845,0.053286593,0.39653578,2.0094955
2,0.1357421875,3363.0201499025193,0.07649739,0.2904203,1.7505555
2,0.05712890625,2704.4986146257206,0.037576724,0.53776956,3.0374644
2,0.07470703125,3087.523184307396,0.052233372,1.0,2.3571718
2,0.0126953125,2959.7384584677848,0.018714687,0.35627306,2.8269563
2,0.0517578125,2273.886514592657,0.075365245,0.11704801,1.428659
